converged,pos_err,ori_err,n_iters,time_s,mu,kappa,dq_1,dq_2,dq_3,method
1,0.0003966788148659451,0.00013915317406920421,13,10.721321099903435,1.028958220686857,0.3864851723258265,0.23132106798329222,0.2433787387054056,2.898720233523129,SVD
1,0.00013620861391146696,1.3330792379400381e-05,5,0.0009434001985937357,1.323086963676799,0.39659232938953637,0.5013687408772523,2.0279535547722785,2.4317168569691114,SVD
1,0.00018832363693361214,5.230075609171461e-05,5,0.0008823999669402838,1.0336461615661894,0.38477830171884386,1.4448942092685568,1.2105722745231198,2.9541971315371005,SVD
1,0.00022054169599471,6.009691729978422e-05,6,0.0011603999882936478,1.0211521064796716,0.38538692465514734,0.8314755751400527,0.10028739242042395,2.933327300775394,SVD
1,0.0004305913523964657,0.00011764547993124236,6,0.0017187998164445162,1.080791513274469,0.3908300112052331,2.149581980424789,2.7730746962183286,2.776611665889048,SVD
1,0.0007359112536898011,0.00026726979221071553,5,0.0010477998293936253,1.0820102871119366,0.3916554864970239,1.9993069289174805,2.5334878413903827,2.7534764590424805,SVD
1,0.0001821840267297032,4.790112684688248e-05,7,0.0015863999724388123,1.0320512035474763,0.3864640155517396,0.9762503581110225,2.904469502021046,2.8993594879596447,SVD
1,0.0001218452772872176,5.426282672689048e-06,8,0.0030080999713391066,1.4251932204831441,0.3916956971812256,2.791785107868272,1.1340702862741407,2.2825806858088176,SVD
1,0.00030629874095480265,4.0266831304242244e-05,5,0.001257800031453371,1.141800112356635,0.3966975377553683,1.3687797432759226,0.2383443656081763,2.5592180458415834,SVD
1,0.00015520078188492617,3.235919431965072e-05,5,0.0008593997918069363,1.1478131073200692,0.39180668285892234,1.1349436297929412,1.506935825321442,2.749173295057366,SVD
1,9.321241191298116e-05,1.7046820268972174e-05,7,0.0011256001889705658,1.1948586712208897,0.3945091092755844,1.317812118046672,0.8736680693878256,2.6648096330093343,SVD
1,0.0002388611623403317,0.0004895281498521165,5,0.0015899001155048609,1.0475088584506416,0.3883758422085869,1.8217938411778212,2.639285132045364,2.8442366336746514,SVD
1,0.00013670740542404928,2.8706026766272632e-05,6,0.0010448999237269163,1.1402972492448986,0.39208836952506054,2.5472045287492673,1.817514238104729,2.7410857638950876,SVD
1,8.794124166069526e-05,1.2276424554731315e-05,5,0.0008733000140637159,1.3223029780313649,0.3967827223605213,0.388419465468274,1.9523447056049132,2.5517850469040315,SVD
1,0.00020259908572286842,2.0101194061264233e-05,5,0.0008396999910473824,1.3053606465302265,0.3967911581874748,0.7289562201578326,2.058744442553734,2.4468959543081787,SVD
1,0.0008081374295788357,1.8217583221620987e-05,17,0.003893699962645769,1.4059578260958558,0.38464588376142533,0.40061020542715964,0.9531247409378114,2.172675291062582,SVD
1,0.00018232360624923253,3.971707716537829e-05,8,0.002325500128790736,1.065127554347138,0.39120532870690256,3.0113108933971326,0.2045207432054088,2.76615783912645,SVD
1,0.0002522684132303978,7.076695936600842e-05,6,0.0010516999755054712,1.0211566744259124,0.3845696586790119,1.2569290096721106,2.6267429416386094,2.9617429990197164,SVD
1,0.0001511753209091232,3.284295056445285e-05,6,0.0025078998878598213,1.115082849659369,0.39122004122389803,1.263951540789817,2.3535100995866993,2.765746077349352,SVD
1,9.276252586443718e-05,3.0860459677914154e-05,5,0.000896400073543191,1.0285932327359062,0.3859192244834046,1.9261716017488606,0.5121999090179612,2.916157170857262,SVD
1,0.0006989680381215828,2.3719867115204585e-05,5,0.0010262001305818558,1.371724998067931,0.3929578195222778,1.9538616834131846,0.19616581460423535,2.308972650615869,SVD
1,0.0004027332108363717,8.272764786449115e-05,5,0.0014784999657422304,1.124260380606981,0.3911462384604,1.4969794588301086,1.8026121200971097,2.767809983651519,SVD
1,0.0001474809260617357,1.795764169909727e-05,8,0.0017146000172942877,1.342948768358127,0.397051321392249,2.6703405336865136,1.5872893720320054,2.5139619250170324,SVD
1,8.775475485962567e-05,1.0498443666052739e-05,9,0.002146200044080615,1.1998490500269072,0.39707722567021286,1.6314255218213782,3.0619482981045767,2.500422462378584,SVD
1,0.0005636517007350726,5.559917790982946e-05,5,0.002178699942305684,1.2792205318663017,0.39706190241255185,1.507659636428384,1.985899606267247,2.5103744657925082,SVD
1,0.0005205715764061233,7.671342084952634e-05,10,0.0020486998837441206,1.1201767697912166,0.39541258114454314,1.4716001652574695,0.4757320940996532,2.6299867369357575,SVD
1,0.0009181251252005823,8.420685985270973e-06,8,0.001257200026884675,1.6098064091101103,0.3914282598877968,1.928837573050219,2.298953772584081,2.2774051390716012,SVD
1,0.0004167079112138801,5.658658992758103e-05,9,0.0014118000399321318,1.2543018606766045,0.39649719335537925,1.0424858478686954,0.7112608448126814,2.5740691812601924,SVD
1,0.0002517225997278475,1.127895987043152e-05,10,0.0020979999098926783,1.2968820163846049,0.3920989325636002,0.3898137667841257,3.052961234324524,2.2906353499812657,SVD
1,0.00011123283684713537,9.517971875600655e-06,5,0.0008759999182075262,1.2433961479322977,0.3961238331779918,0.9970923823646629,0.003647265518877507,2.405599044689962,SVD
1,0.00012358092693672722,1.4917901862652404e-05,7,0.0019580998923629522,1.2322557286976226,0.3970773398522535,1.7718417478512267,2.8856639186749264,2.5001786384487605,SVD
1,0.00014565249673351507,3.865947413605066e-05,5,0.0010320001747459173,1.044751570851081,0.3856736310078052,1.2430181680889574,1.767978319472368,2.92397308287725,SVD
1,0.0003023822853789179,2.861841596866968e-05,5,0.0009963000193238258,1.4006007207479876,0.3969041978240745,1.3150779492100932,1.5576497328752676,2.4581316092681402,SVD
1,0.00047740703637088244,0.00012971663058571203,4,0.001008500112220645,1.088850900689859,0.3885387702965835,0.7866047772199547,1.5325079016680085,2.8397068094070916,SVD
1,0.0005279905264642121,0.0009418673290536388,5,0.0007850001566112041,1.042500932277716,0.3879556749346161,2.0442773848461213,2.702790865546672,2.8560029627804995,SVD
1,0.0005112734398769215,0.0003878151354141546,75,0.5991630000062287,1.238826214499882,0.3970238536122383,1.3445101525831762,0.9880804602342144,2.5207959815975913,QPSO
1,0.00012491814681327718,1.8359961627084946e-05,12,0.0019163999240845442,1.1338384459998532,0.3963976873762297,0.11942915411276012,2.940607384539378,2.5805409743255225,SVD
1,0.0005669456909894339,3.0405593817537637e-05,5,0.0010604998096823692,1.4978181362265062,0.39566971650831384,1.4068770803161748,1.7659759635472083,2.386166467536178,SVD
1,0.0001894210796416699,3.1953097225654005e-05,6,0.001300400123000145,1.2026487803747323,0.39517785327271365,2.7169352401140596,1.8915507945212724,2.6396401795145783,SVD
1,0.000846360007303985,0.00012236253381636678,6,0.0009159999899566174,1.21956855806948,0.3947367711852663,2.587387327413225,2.011118187665573,2.6565644777613087,SVD
1,0.00017427921578816604,1.0140875754095006e-05,9,0.0012117999140173197,1.4456203249135087,0.39384628157463425,2.7065824799008444,2.668527746787741,2.33012762462093,SVD
1,0.00010891568879395355,1.215626872559956e-05,7,0.0009272000752389431,1.2694549012342387,0.3970284025671317,2.9275302005877837,0.3444553947279547,2.4766649577370083,SVD
1,0.0004279291696030747,4.85688286883002e-06,5,0.0013969999272376299,1.6527336991754438,0.3871477783843627,1.4847683056827083,1.5530921217212583,2.206948140902671,SVD
1,0.0003174566447105507,3.292308926427456e-05,11,0.0014048998709768057,1.3593046086858331,0.3970582077009806,1.6783463783703485,1.6668903479347774,2.484565686328488,SVD
1,0.0006411703385375498,0.0019096824341633786,5,0.0007422999478876591,1.0248778458469947,0.3857188195526949,2.173664839657336,2.7786794229910754,2.9225221179250886,SVD
1,0.000712072567809325,8.602460800019673e-05,6,0.0010828999802470207,1.1549709452216694,0.39678726481900733,2.6106113153146326,0.5310051102449123,2.55136164783492,SVD
1,0.0007166160076487099,0.00011853920375907797,4,0.0009692998137325048,1.151742243882105,0.3937051694941608,0.9058317214875595,0.6434725559198684,2.6920021413845863,SVD
1,0.00020894241271783332,3.636619834323723e-06,6,0.001171099953353405,1.4130297840826904,0.38647480745660456,2.8074535729057666,2.147608061664318,2.197358892433093,SVD
1,0.0005630371788258132,8.704998162767637e-05,6,0.0009272000752389431,1.2211248039874225,0.39488063782745164,2.8145320630095467,1.5585679687085552,2.6511947951563055,SVD
1,0.0008619732297703545,7.577917157151441e-05,9,0.0012137999292463064,1.2678072005425272,0.3968688045241966,0.8760410530962295,0.25931290443230326,2.454291961201281,SVD
1,0.0008901521969552176,0.0019695879601674296,103,0.021058799931779504,1.0597688447625337,0.3895644712773819,1.593580736360344,0.5640692905684305,2.8114441306684945,QPSO
1,0.00025288576240970763,7.115442944353376e-05,5,0.0010319000575691462,1.0174607864455727,0.3845005486495945,1.2952532446906044,0.27640127822469474,2.964295050037549,SVD
1,0.0008516120201595725,6.92146197648896e-05,5,0.0008845999836921692,1.259036137737286,0.3970720472527267,1.9756867483770613,0.34929501782488837,2.490747731643408,SVD
1,0.000519061653144933,5.850081939183056e-05,5,0.0009180000051856041,1.2720968632119984,0.38911928229911413,1.9431379811339051,0.44013526553187393,2.2370213929444835,SVD
1,0.00019372038098127394,5.332366359471785e-06,10,0.0018732999451458454,1.6877448003171343,0.38889072054603957,2.0363589284701584,0.9856915133448609,2.23336129934834,SVD
1,0.00025300863898795254,1.301528964432952e-05,6,0.0010184000711888075,1.5867130328589512,0.3933980724227805,2.3829357072099846,1.1168777897434534,2.3191289937117046,SVD
1,0.00018927451123028862,2.4082842490636517e-05,6,0.0013033999130129814,1.3318392856800165,0.38490818357641693,2.7304277015412133,2.9217359010835744,2.17610419714814,SVD
1,0.00029768888318663553,0.0002564665187766178,5,0.0008799000643193722,1.3430883228609238,0.3887310036268466,1.6988309976990494,0.06740965563899469,2.2308333347941094,SVD
1,0.0007843305176895669,1.6391090500981573e-06,5,0.0007786999922245741,1.2955412573730325,0.38533535298655963,0.2788902649407099,0.40723238425576014,2.1817639180305,SVD
1,0.0006651184997133457,0.0016745718405697442,134,0.029148199828341603,1.0417604767850597,0.3866788929336699,2.2447808045523963,0.5381079129944166,2.892906884718472,QPSO
1,0.00019920488754720852,5.8258940439035666e-06,8,0.00169520010240376,1.4909408899777532,0.3890149372922489,1.6695146888104724,2.823486960899753,2.2353441389938746,SVD
1,0.00016864120287458242,2.5230395214410556e-05,6,0.0009394998196512461,1.1459230698153637,0.39281806332415103,0.11080633041872501,2.3509114982525237,2.7196001478042366,SVD
1,0.0001490062672290672,0.00035563423435811995,4,0.0005975000094622374,1.0473396890335167,0.38667526290798104,0.5283919365732439,2.173564817649094,2.89301517895417,SVD
1,0.0007081236423676165,0.00030985885501282393,5,0.0009833001531660557,1.131168071810303,0.3957354854320094,1.4194464763871604,2.589175479955971,2.615717977332749,SVD
1,0.0001119935254927865,1.7142705284278024e-05,8,0.0012158998288214207,1.244786850708766,0.39615302573247363,2.830017793131418,2.363565484113825,2.594816977320935,SVD
1,0.00021235963048619875,4.4526110900247434e-05,8,0.0010134999174624681,1.0982772001258068,0.39163612376329204,2.7690535328156045,2.677508883011827,2.7540257961394827,SVD
1,0.00022630241897424357,4.697763932637403e-05,5,0.0008044999558478594,1.143573327287411,0.39169038320735217,0.585691293590036,1.97164750642491,2.7524854356981923,SVD
1,0.0001902683146204012,5.3563513446583185e-05,10,0.00216599996201694,1.0256364762049115,0.38460710199895287,1.0651018699735948,0.9513935110898358,2.9603716496596606,SVD
1,0.0001295142063384542,1.4093242532220712e-05,5,0.0008325998205691576,1.3915519655572497,0.39697814078285154,0.9663813370863532,1.554542987400382,2.4677350342445816,SVD
1,0.000492958497299385,4.998813896518496e-05,6,0.0014527000021189451,1.3680205644436374,0.3970653265603257,2.0642172498862923,1.9169999547871024,2.508966723341115,SVD
1,0.00010755941615588096,4.140598938280877e-06,5,0.000900499988347292,1.4454231840194827,0.3889578806771137,0.28767320803141105,2.027341391567793,2.2344315112006257,SVD
1,0.00012624051420373567,4.81907174143666e-05,6,0.0011517000384628773,1.1410162163171318,0.39667696001023667,3.026261877451062,2.898310487173335,2.5608909324155804,SVD
1,0.0002016823371202624,3.649654308411339e-05,5,0.0009506999049335718,1.1411615963156443,0.3941278993502031,1.5178784864145545,0.45701194145944735,2.678031232361356,SVD
1,0.00017114609255573755,2.5102544828074618e-05,6,0.001127100083976984,1.2111921522601186,0.39634903966216833,0.013633147703086657,2.6549528578859065,2.583545588957015,SVD
1,0.0006192280715773827,8.637307318449512e-05,5,0.0007662000134587288,1.2576457840130573,0.39567146376706364,1.75233716590402,1.2376154012569325,2.618654093436271,SVD
1,0.00013389706189784686,1.1812816979902327e-05,6,0.0013558999635279179,1.231492634121137,0.39593313226502397,2.131803040755905,0.6481466270027522,2.396958793244161,SVD
1,0.00010349664854126659,2.1758405361102074e-05,7,0.0016111000441014767,1.1108051414708566,0.3914779532841598,2.4177046378120424,2.477589935730597,2.7584994124969775,SVD
1,0.00011295225259089915,2.8412416069885188e-05,4,0.000699399970471859,1.0943351416958174,0.38913814358097165,0.20255853004810342,1.0925984773969413,2.8231538903214854,SVD
1,0.0002150718180545408,5.155941571726996e-05,6,0.0014473998453468084,1.0760971606884373,0.38877304091129555,1.6622942700707437,2.3692378066456934,2.8332189554121556,SVD
1,7.905310491617428e-05,1.3841000763870068e-05,6,0.0012450001668184996,1.1203205626653128,0.3950543619504036,2.029252061750494,0.061957388348455655,2.64452292608819,SVD
1,0.00017060950269716886,3.752911005084923e-05,6,0.0009004001040011644,1.1250755633540868,0.39101805945394674,2.3408040833849526,1.4026104440815192,2.771385339410501,SVD
1,0.00022555540684960753,2.574498592815552e-05,6,0.0011517999228090048,1.1842762654357841,0.3969439690886939,2.3616741077759382,2.684938165415673,2.4629601077636454,SVD
1,0.0006878811428688429,2.151588822563536e-05,6,0.001000500051304698,1.3511193440928297,0.39408012328637254,2.536108677127331,2.1299809952289896,2.3361765391000073,SVD
1,0.00024222989393874895,6.139508658310106e-05,4,0.0009090998210012913,1.0811088290601285,0.3880224748960858,0.228754824011681,1.6603802532854708,2.8541230466418046,SVD
1,0.00014262621940466422,1.9684621341566753e-05,5,0.0008938000537455082,1.3163478492168568,0.39677287334247774,1.0589262305424985,1.4715451853461723,2.552692516002698,SVD
1,0.0009562529093236133,4.241111976552474e-05,5,0.0006774000357836485,1.5109435322782432,0.3933825458340085,1.8323267398297904,1.4679881859573938,2.318760599890673,SVD
1,0.00011794337217446999,2.4549673601484732e-05,8,0.00121380016207695,1.0940681247302813,0.3928793742308779,1.2663560332947998,0.5875591884569871,2.7177522070735995,SVD
1,0.0003810556015285916,7.974376903676499e-05,10,0.0017399000935256481,1.0658262549206652,0.3910679257780845,0.8983933785196951,0.35025816925551473,2.7699957264800044,SVD
1,0.0003439424511636698,6.102745248571216e-05,6,0.001022599870339036,1.1620683717167963,0.3939458187038936,2.400202602182212,0.690256257042619,2.6841281453241725,SVD
1,0.0008040288642091832,3.236268633176841e-06,5,0.0009747999720275402,1.4662175901813534,0.3904854575590482,1.761072907087259,1.9382895022690136,2.260074897303449,SVD
1,0.0007112098199431583,0.0006269831662185078,4,0.0006419999990612268,1.0534003832411454,0.3877558802436272,0.7626841813003242,2.3194651035590557,2.86164969907532,SVD
1,0.0006574845337730044,0.00015698342094813082,5,0.0007459998596459627,1.0636305490004134,0.3871685916817583,2.016584579277273,1.8131563663536738,2.878497191936741,SVD
1,0.0005934557041288822,0.0002165460227987543,9,0.0015084999613463879,1.03147298892471,0.38578083343396313,1.1218546812718717,0.7021218528237809,2.9205405704824003,SVD
1,0.0004974548839826049,5.0507168819572345e-05,9,0.0018518001306802034,1.3197442358092315,0.3970629131804503,1.4309525132339662,2.4039354651495124,2.5099760771217507,SVD
1,6.405564165504986e-05,9.895466202748355e-05,6,0.0010526999831199646,1.055278743575762,0.39005963096780655,2.658641554102573,2.9870728784388483,2.797856060533029,SVD
1,0.0003315601824080341,3.329020215671223e-05,4,0.0008152998052537441,1.3970532385558596,0.39704305046517313,0.6229859538525915,1.3470735214830705,2.480102260945727,SVD
1,0.00012350226734163778,8.776353832833452e-06,5,0.0010174000635743141,1.5410737372145669,0.39482345003122465,1.142793540563964,1.1784863314115626,2.357212520207559,SVD
1,0.00043245092317336937,0.00012406448878697008,6,0.0013297998812049627,1.2685621790160078,0.38970628366400695,2.764286010865865,0.4252351296081409,2.246665721801427,SVD
1,0.0001598720656843514,2.3846688203279092e-05,6,0.0008523999713361263,1.2880273865433451,0.3963168631276455,1.8346271802418883,1.734690702119105,2.585482674311572,SVD
1,0.00018940178859099097,6.283327739777734e-05,6,0.0009852999355643988,1.0839604781536283,0.39255872628898086,2.4691421560056472,3.0890713096838898,2.7273374417430745,SVD
1,8.089521198857011e-05,1.475686629466213e-05,8,0.0012880999129265547,1.1689616715956452,0.39451124568461476,2.2180549287150337,2.040690437053092,2.6647335761004887,SVD
1,0.0004887314304362317,2.2180345850521254e-05,9,0.0013919000048190355,1.39015557710824,0.3935449370649736,2.418025476098039,2.8557492462709946,2.322653556884186,SVD
1,6.738751472471548e-05,1.0166270109085246e-05,12,0.0025063001085072756,1.328456105670135,0.385620750453739,2.9213368894406653,0.21203469219557647,2.185599738657544,SVD
1,0.0005169670599828803,2.856993736091876e-05,4,0.0008384999819099903,1.5197500940276238,0.395343976217944,0.7901987236948794,1.1250954828480921,2.3741747313984316,SVD
1,0.00024430727075168776,5.563477948575389e-05,6,0.0015159000176936388,1.0973920149482932,0.3898664018912776,2.3424905199592967,0.8740934158262581,2.803160358514641,SVD
1,0.00018812921309535176,4.7882806032735924e-05,13,0.0020648001227527857,1.0474783855658445,0.3873459942449224,0.970570145967184,0.7696920933244664,2.873364060867137,SVD
1,0.00034468695915963065,6.32669366237881e-05,6,0.0013367999345064163,1.179311667596111,0.39346533863939515,2.4744861302086933,1.0531733161091958,2.6996655338907765,SVD
1,0.000927874077153933,0.0001532310838536334,16,0.0028514000587165356,1.1787363060944802,0.39313261934478433,0.19603063207969296,1.85461407917896,2.7100352481092465,SVD
1,8.267201931165787e-05,5.97623848863867e-06,10,0.0016830998938530684,1.526910656109243,0.3950059118510734,0.4148792408720787,1.7978652229308665,2.3629032246347768,SVD
1,7.996660962546793e-05,6.484008476842178e-05,7,0.001309600193053484,1.0393454136135256,0.3854626697446469,2.1380681496492278,2.1527748240536635,2.930829948384993,SVD
1,0.000960619370805377,0.00010739037032184592,8,0.0011092000640928745,1.1400847364316988,0.3962812873609968,0.6575893748405828,3.11255844391511,2.587581438578363,SVD
1,0.0004862834093085149,6.303691350729307e-05,6,0.0008759000338613987,1.2359626252871552,0.39638829033289913,2.561216398991615,0.630844439941566,2.5811288533369305,SVD
1,9.29898771677848e-05,2.205847569304499e-05,6,0.0009674998000264168,1.0931755852536067,0.3894978292522003,2.032723293039073,0.9089353749239528,2.8132728636466933,SVD
1,0.00043414086319718584,4.787076552788504e-05,9,0.0016461999621242285,1.1672367005236206,0.3970305203116001,0.30858059590434234,3.044718839859648,2.5193363527673798,SVD
1,0.00043152263086947704,9.76067488440412e-05,5,0.0006824000738561153,1.0529649681620648,0.3895169898103688,1.7918286557219851,0.030459608437013674,2.812747038729338,SVD
1,0.00048682798053711684,3.001508944701451e-06,6,0.0008090001065284014,1.3514102377227428,0.3865267495026394,1.9316649440088296,2.308608664248958,2.1980884112519306,SVD
1,0.00033844789281836483,6.450322944680555e-05,22,0.0038362001068890095,1.102777287483951,0.392854408895525,0.26232950647356956,0.7125676035393669,2.7185055851287196,SVD
1,0.0001942382857729193,7.524521691479378e-06,6,0.0015812001656740904,1.5651485495834947,0.3908941401301811,1.9573301078830214,1.492020858952906,2.267424031928662,SVD
1,0.000677912621382644,0.0020516563006640525,72,0.015462800161913037,1.0388529927000185,0.3864179743739611,1.9580751994964274,0.5292564590731379,2.900753728537008,QPSO
1,0.00013732937450010497,3.428664361385785e-05,6,0.0012572999112308025,1.0542030993183424,0.38802030877368415,2.1486714683864,0.4889916590969663,2.8541839471393007,SVD
1,0.0004160643437345777,4.802541856594154e-05,16,0.002525499789044261,1.21619278463589,0.39695378048363744,0.2312209241243135,0.9041051931940416,2.532658373018827,SVD
1,0.00099319304576692,0.0006562380779815912,6,0.0010956001933664083,1.0473297521152523,0.3862797944826527,3.1129716717194267,1.1241841806087658,2.904964569544136,SVD
1,0.00013553523960083168,3.5030476020119435e-05,10,0.0015267000999301672,1.0561495634894837,0.390105365380888,3.099389928530263,0.263285363939572,2.796599822821902,SVD
1,0.0006682644828922063,3.939766026471153e-05,5,0.0006654998287558556,1.4773061186289063,0.3962267030307821,1.269804067293867,1.8858767055898893,2.4106327786546338,SVD
1,0.0001564127142730438,1.38083292185264e-05,6,0.00104160001501441,1.3783489269747669,0.39636362800207814,2.6118072346794383,1.8527291282243885,2.417847290163127,SVD
1,8.155985643010883e-05,3.1899035063879237e-06,11,0.0016214000061154366,1.6641108394389734,0.3902107143369726,3.0006716887940215,1.9317327977927699,2.255261221329114,SVD
1,0.0009449214009133598,0.00043552243920373434,4,0.0008532998617738485,1.0264264951398858,0.3845548598778885,0.267979691739598,2.106598548665636,2.962287170408839,SVD
1,0.0003030011288390904,2.5021649490119997e-05,7,0.0010112000163644552,1.2428556688474615,0.39599735047710716,2.7519370307705637,0.7172932395826804,2.399779224889214,SVD
1,0.00018779704196204993,5.5523217613194295e-06,6,0.0011134999804198742,1.6874884692369987,0.3892142400534075,2.318102991035038,1.1222901427135366,2.2385571735975898,SVD
1,0.0007676904576411004,6.363746783771071e-05,8,0.0014601999428123236,1.2350842871410224,0.39707321519124156,2.142697882126793,2.902896382510752,2.4915336037167903,SVD
1,0.0006866479929504136,0.002822765309788209,5,0.0009862999431788921,1.0418283827132124,0.3882635829740531,2.0264421177967344,2.8757479107940043,2.847367545922099,SVD
1,0.0004347793005701797,6.360894053787923e-05,7,0.0009109999518841505,1.1722220727996293,0.39571782159415675,1.884794962908957,2.7560489041572778,2.6165339603329563,SVD
1,0.00027262925498254336,5.228119131580485e-05,10,0.0014140000566840172,1.1528156571911914,0.3929800568928726,2.828886832058921,1.2598763433831488,2.714700844291218,SVD
1,9.72670512532669e-05,2.413209505844856e-05,6,0.0011048000305891037,1.0731102314105943,0.38831378171520636,2.2504637495356143,1.1482839063683001,2.8459664507453937,SVD
1,0.00046579061812763176,0.0001221349119411537,9,0.0016239001415669918,1.0373939055924841,0.38555623422085716,2.435212844008956,1.0495410285828894,2.9277714505129016,SVD
1,0.0002693223692293695,1.0657817614728767e-05,7,0.0016022000927478075,1.6343766142499516,0.3915578247707334,2.3135621945659235,2.064853372455614,2.2798967906086363,SVD
1,0.00017461722824134698,3.368566374226033e-05,6,0.0008970999624580145,1.1321284138094705,0.39344293379894973,2.8085490872060452,2.1970469454543116,2.7003729144182476,SVD
1,0.00034319650392652164,1.1521248538143137e-05,12,0.0018925999756902456,1.6343225384385218,0.39145136709226225,0.44379666322619826,1.894391130773247,2.2778473936795995,SVD
1,0.0001498674061406419,3.770068333919853e-05,4,0.0008300000336021185,1.3361090561527609,0.3970081406907554,0.002596075299294398,1.564137760168979,2.5239189855915414,SVD
1,0.00013697760383308706,2.1236886074276405e-05,4,0.0006292001344263554,1.2533798281843205,0.3961323555596691,0.02761207468794824,0.8574814052773476,2.595939600615268,SVD
1,0.00016047476124766437,0.00011428505486863696,6,0.0008180001750588417,1.2222759660515132,0.3954868257589199,2.3329819762780115,2.9052819393810494,2.3792765606780755,SVD
1,0.0005297032606222386,1.8014842870664574e-05,16,0.002867500064894557,1.4725994433146263,0.3929113820619702,0.47150703316468423,1.3143125051846507,2.307934255996126,SVD
1,0.00013762069617632224,0.0001931200961390076,5,0.0012338999658823013,1.1065694821792467,0.3943628253431232,0.5050456606939977,2.6407544749733276,2.669962842613288,SVD
1,0.0006053590457878756,0.00011009100096433176,5,0.0009139999747276306,1.085607968863731,0.39296222366063815,1.8760248502946884,0.022622850857283883,2.7152428665732735,SVD
1,0.0006322723613702071,2.1647333222948405e-05,4,0.0009733999613672495,1.4100145923348322,0.3920434624642491,0.5758639391076912,0.25254865946591565,2.2895083131246494,SVD
1,9.9979686435094e-05,6.084632182210816e-06,7,0.0012512998655438423,1.549806067225588,0.39394018301429995,1.8805897057742182,2.2426745931077106,2.3325288112498948,SVD
1,0.0005791359065349274,3.67534283433053e-05,8,0.0015839999541640282,1.28823706231925,0.39634685847634765,3.0757772508431316,0.9466714936755577,2.416927534557731,SVD
1,0.00017962278833853027,4.717681119868956e-06,8,0.0013285998720675707,1.4652654229940862,0.3883635805437405,1.7089831249009677,1.148691621413767,2.2251062280862524,SVD
1,0.00020329702254692176,1.831788820215853e-05,5,0.0009733999613672495,1.2297679930766559,0.39608047941205793,1.6064975527766396,0.08434846778870499,2.4035617733775263,SVD
1,0.0003054590880242193,5.530171001869958e-05,4,0.0007400000467896461,1.2236494794166617,0.3947265228112654,0.635108333216388,1.3434865887881262,2.6569420375709956,SVD
1,0.00018732491811740054,3.0145666348423908e-05,9,0.0012707998976111412,1.2498645954186975,0.39554917883450724,1.6447354382254071,1.149714942932408,2.6241080336756664,SVD
1,0.0003256212925572862,6.50781709925752e-05,6,0.0013324001338332891,1.1729487550492725,0.3970387106025437,2.445344346004978,0.5752378643146079,2.5173962240660686,SVD
1,0.00013439235463514178,1.7225064171788192e-05,5,0.001019699964672327,1.2274695760279788,0.3969708895713675,1.39344632725776,0.34581801982574634,2.5301573189050712,SVD
1,0.00013040728328927518,2.3363025392957143e-05,6,0.0009099000599235296,1.1363889486451666,0.3936788685553402,0.15695413574413042,2.642225316587323,2.692851056914357,SVD
1,0.0006825827333215103,0.0001913283202442551,5,0.0007488999981433153,1.0582341742254646,0.3885092800095016,2.295516308895257,2.3831779990460418,2.840525550155072,SVD
1,8.762062439534045e-05,2.3007007621139537e-05,9,0.001542199868708849,1.056693116067181,0.3868479292133428,1.9823715723064048,1.9228293807927859,2.8878894574477516,SVD
1,0.00043485749706277297,2.5474713995218106e-05,7,0.0010707001201808453,1.3916409769114608,0.3935598989911633,3.0386153379502496,2.85042047404598,2.323016783939952,SVD
1,9.78691709397727e-05,1.2686815194113027e-05,7,0.0017845002003014088,1.3219642925537394,0.3969721557893158,2.2221114917549976,2.250246869730578,2.52996471078017,SVD
1,0.0006632902059486081,0.00017095418852095635,5,0.0013351000379770994,1.040479133143207,0.38524334339343846,1.990762834281666,1.5058603869490317,2.938116720386843,SVD
1,0.00018183690605079187,8.810330023290538e-05,6,0.0016842999029904604,1.0843009261034247,0.3931356622268082,2.9811719074611647,2.8698095798370087,2.709941654506955,SVD
1,0.0004969195484230184,9.213364545212013e-05,6,0.0011343001388013363,1.167601953939976,0.39267046518767346,2.793339785985984,1.699404878875129,2.7240188657360136,SVD
1,0.0006141700973655023,0.0012404096881695821,7,0.0017363999504595995,1.0399562265459419,0.38532278880944004,2.9925144587153776,1.998927291286214,2.9354574646592972,SVD
1,0.00045820271751097414,0.00010460871068689457,7,0.0015422999858856201,1.0526465933396787,0.38904993524921233,1.1200925733573,2.9684189044860445,2.8255814756497926,SVD
1,0.00013876956182759184,3.1055554029200785e-05,5,0.0011980999261140823,1.079173593297026,0.3906278502021363,1.021327911575523,0.38349789244034316,2.782208655161188,SVD
1,7.738836465419997e-05,4.746600108070464e-06,6,0.0008430001325905323,1.2790460815610876,0.3884734054553328,2.3581888338146726,0.3778946424929468,2.226805513720643,SVD
1,0.0008890314909311603,0.00013638766882569542,6,0.0007712999358773232,1.1219597646032418,0.3940456030933428,0.12268198207107872,2.854814584800459,2.6808027594220896,SVD
1,0.0001682193854963976,2.3573889454039717e-05,5,0.000681400066241622,1.3071680161750912,0.3966558739594646,1.124078935103924,1.4666099910197525,2.5625635978490275,SVD
1,0.0009807669276593843,0.0002637601537509252,4,0.0009892999660223722,1.0254959686526328,0.38461771986452853,0.24330584794282073,0.7547834805354396,2.9599841868428207,SVD
1,0.0001049929596091166,1.1610295702105435e-05,8,0.0015778997913002968,1.3018866195585004,0.3970381791604098,2.311684469168245,2.6453682504286986,2.4788895825310053,SVD
1,0.0008776413486747502,3.130178151639612e-05,7,0.0012431999202817678,1.494032829243469,0.394777523441057,2.4878894956963116,2.3862361698133743,2.3558178277663755,SVD
1,0.00017167784479153468,4.123696586239952e-05,7,0.0016436998266726732,1.0635694341857562,0.3888389495470005,2.1552023555709967,2.648781575958738,2.831398338404088,SVD
1,0.0008426549048190428,6.0581314225917626e-05,5,0.0009759999811649323,1.252048647422314,0.3969086232483595,1.8449354365434285,2.2537105539768527,2.4586388260302865,SVD
1,0.0001934357338135502,4.467101120384566e-05,7,0.0015416000969707966,1.1146810017536701,0.3939134022544136,0.8871704452694154,0.6887371161431934,2.6852005117725106,SVD
1,0.0007919854422602473,0.00014939795899125493,5,0.0008164001628756523,1.1149997973077705,0.39335154201114453,2.0187325705082184,2.3618937934023716,2.703244249571155,SVD
1,0.00017970336736751656,1.107116402041294e-05,7,0.0013625998981297016,1.4931429313098725,0.39427334384521007,1.7789645239255072,2.462362330880614,2.3413595171443005,SVD
1,0.00011952929587329976,3.101936301510862e-05,6,0.0012159999459981918,1.0613078702986898,0.38704904407250046,2.166313015409946,1.0385122808354357,2.8819807086576357,SVD
1,0.00017573619428840127,3.9487997407621254e-05,6,0.0010569000151008368,1.1421561885870366,0.39229509793236716,2.7925923203301886,1.293382384965442,2.7350842391510386,SVD
1,7.509623892829027e-05,3.95071372968632e-06,8,0.001331100007519126,1.4630344410232041,0.39247313875324163,1.7989974397653254,2.7190520320508895,2.2984101848936342,SVD
1,0.0007558372039385109,3.049705648793076e-05,8,0.0015555000863969326,1.4150335060209895,0.39472727387930684,2.714164628554492,1.2454682063392974,2.3543081500948553,SVD
1,0.00035644424441161625,3.238438606934215e-05,9,0.0016069000121206045,1.241883873989891,0.3968360977074407,2.1263738237121945,3.0084175638845148,2.4510297170217443,SVD
1,0.00020314906181779003,9.799315518394846e-05,6,0.0009470998775213957,1.0805671138315545,0.39279403460178336,0.13521141827528105,2.8861388663006333,2.720322349098785,SVD
1,8.270796421990756e-05,9.343461779860934e-06,5,0.0008733000140637159,1.2809345073359846,0.39706789566275746,0.017597560484421404,2.0478914023406096,2.4884629160023373,SVD
1,9.530302722334555e-05,2.023461265238908e-05,4,0.0007230998016893864,1.2435617624603152,0.3954305672142752,0.322531982687551,1.1156440968385724,2.629224541296057,SVD
1,4.671931045424735e-05,4.6316170101652295e-05,7,0.0010585000272840261,1.0366095451935426,0.3852936937189853,2.1351947842097587,2.1892756365439796,2.936428664657692,SVD
1,8.363273567343371e-05,1.6421550621917407e-06,8,0.0011437998618930578,1.585480910297163,0.38629732191325744,2.6403294178037715,1.3802424089803402,2.1948789607472445,SVD
1,0.0006758091982943838,0.00012635906572717136,6,0.0010342001914978027,1.1018640058228382,0.39298991846657366,2.800249153347069,2.462401729516646,2.714400819019623,SVD
1,0.0003988958779179011,1.263005043847471e-05,4,0.0005624999757856131,1.6031367762297837,0.3921180900263143,0.7588305243610818,0.904897014757212,2.29102606016163,SVD
1,0.00032760379031863463,0.0001974912526485572,5,0.0009883001912385225,1.1412591296304664,0.39618276603830627,0.8863457879794074,2.576481203985012,2.59318178921151,SVD
1,0.00011918647728605379,3.939580175523074e-05,7,0.0012430001515895128,1.0491074542321694,0.3886717586001165,2.4275832412085543,2.66674437502272,2.836020501375035,SVD
1,0.0003431294593574513,1.4129469316740001e-05,4,0.0006715999916195869,1.5618901109881804,0.3931853051465186,0.6995534480755641,0.8358538960738571,2.314147644016688,SVD
1,0.00010975421115568183,1.020851465417925e-05,8,0.0013858999591320753,1.2154694636027836,0.3955776570051672,2.6487486379278202,0.3108455390323881,2.3826442348169543,SVD
1,0.0005838421536604208,0.00010159953623939359,6,0.0013377999421209097,1.1621399944378181,0.39338981578417404,2.0926604505460418,2.308542638088274,2.7020444970890267,SVD
1,0.0002424459842679877,3.973926026492434e-05,5,0.0011986999306827784,1.1726752160603224,0.3959871277706537,1.8862836029204324,0.8653837006053386,2.603537772349174,SVD
1,0.000942334403996841,0.00019247435389137314,4,0.0008015998173505068,1.1314544952427865,0.39267154472639876,0.4935641464322327,2.0689967053902123,2.72398669518525,SVD
1,0.0002815130614897374,3.0206445589703676e-05,5,0.0007605000864714384,1.356176641574972,0.3970706768262453,1.2349438365252077,1.6554374533019107,2.489922008755137,SVD
1,0.0001635914557314028,2.7010063735674714e-05,8,0.0012254000175744295,1.222955377717561,0.3953824957402695,2.6870593641899454,1.761223413717615,2.631254049993281,SVD
1,0.00041286055322407335,2.3631095433043478e-05,6,0.001644300064072013,1.2449229663042145,0.39325717219519146,2.066859247717536,2.630703507460939,2.3158143394569093,SVD
1,0.00014745372411754606,2.9653108814818398e-05,6,0.0008497000671923161,1.1283507336649699,0.3928390982249706,2.7201969515282682,2.134370612160996,2.7189669935412715,SVD
1,0.0007475722526898711,9.536561177815787e-05,4,0.000719199888408184,1.206921410480952,0.39608072691991786,0.8980010268742697,0.5348348072945144,2.5986966188966654,SVD
1,0.0009797871709833815,0.00019849331319299581,9,0.001513299997895956,1.1019533132650923,0.3900610869960473,2.7596444861472094,1.2457742347593659,2.797816071846108,SVD
1,0.0003938729807055472,2.1581771719055743e-05,11,0.0016711000353097916,1.342344819812358,0.3933888281008686,2.8899102683019304,0.13416009550257435,2.3189095618077484,SVD
1,0.000252314913193938,2.067715235791035e-05,4,0.0006344998255372047,1.459889160711718,0.3962962843659258,0.5917285807807158,0.968543118887446,2.4142176193413523,SVD
1,0.0009623163003420644,0.000485444169282071,76,0.014276700094342232,1.6641691184051022,0.3856586496506935,1.3697491007457263,0.6076824301287478,2.186112510328713,QPSO
1,0.0009056853946039746,0.0007646633753352701,96,0.01806250005029142,1.2734850017128931,0.39681601264423333,0.07366800686729524,0.6844817045373546,2.548605224960463,QPSO
1,0.00046573436477171266,6.268043567633414e-05,8,0.001459999941289425,1.2712316643455506,0.3962770699284599,0.2593589805096652,2.186271026486331,2.587827391009518,SVD
1,0.0008829797747479295,0.00019536811043878972,5,0.0007384999189525843,1.0905373122371282,0.3886200090587271,1.6320137426895975,1.7887231390996683,2.837453849234926,SVD
1,0.0004695435960238064,0.0001259798870555295,8,0.001132400007918477,1.0207539125427632,0.38527981215610985,1.5699003871438284,3.124376657504805,2.9368931230917568,SVD
1,0.00011861804348102631,3.0063987230512566e-05,7,0.001114899991080165,1.047446053101973,0.38768313129778215,1.7482242367891399,2.7393142322792348,2.8637153888330844,SVD
1,0.00010535705563156259,2.8241260027200228e-05,5,0.0007003999780863523,1.0483035064148258,0.3863347974217884,1.0592750627910377,2.004532716711183,2.903283580543731,SVD
1,0.0006054133759026157,0.00013719543685966536,5,0.0011783000081777573,1.2714095837412573,0.39335330043127603,1.3963653532268419,2.443907470003,2.3180688401656138,SVD
1,0.00010842442599644273,8.03965117783627e-05,6,0.0010280001442879438,1.1005185667181443,0.3938267156188359,2.74790124743882,3.0825125193180893,2.688049866372879,SVD
1,0.0005247777428195824,5.715449321199443e-05,6,0.0011787000112235546,1.32980600970294,0.3970124016951334,2.4642289092619674,1.5158340486793458,2.5231096666239363,SVD
1,0.0007482452964356606,6.92250685436185e-05,6,0.0014583999291062355,1.2380301598448045,0.39706507451824025,1.7872232745126109,0.3177599163836602,2.509076423876425,SVD
1,0.00021634474017586294,6.611732749127573e-05,4,0.0006178000476211309,1.1046637083450839,0.3894794800637713,0.5955775519102784,1.3176999570843808,2.8137764549282345,SVD
1,0.0001886483032837312,2.946942277461312e-05,6,0.0007696000393480062,1.215985744474656,0.395839025290569,0.9790045476740263,2.476101733545568,2.6108384225552057,SVD
1,0.00045181826040524293,2.4690346628371526e-05,6,0.0008635001722723246,1.5143800782153631,0.395228610388131,2.7057309564987673,0.9831032638526089,2.370210575306615,SVD
1,0.0009204304510518142,1.8070470549479614e-05,6,0.0012117000296711922,1.3798026043509943,0.3876910546458723,0.32395544801957055,0.002669930722831726,2.21492039199281,SVD
1,0.0005615397058213258,0.00014049032132308392,7,0.0010625999420881271,1.0408307996726436,0.3868779550325911,1.8203712966687373,2.445297138510579,2.8870032434399557,SVD
1,0.00010119837029677053,2.0486445876164717e-06,6,0.0007986000273376703,1.6823554968101013,0.3866538202506238,2.1734243771313286,1.4773062462404893,2.1998803967813174,SVD
1,0.00014280720874716775,3.985889505736507e-05,6,0.0010440999176353216,1.1658590450956392,0.39707755152371865,2.9134320694609066,2.7845938874937004,2.4996276892315272,SVD
1,0.0004319263831446299,2.3978141692816127e-05,6,0.0009321998804807663,1.3132185798738278,0.3950397425827276,2.6202610614932804,2.205410351612013,2.3639863120617446,SVD
1,0.0003695449702402235,8.79088543849955e-05,4,0.0009256999474018812,1.1152148758746994,0.3901134291712477,0.7094653435701739,1.2651084961950456,2.796378285948083,SVD
1,0.00019181810066784877,1.1045918936999366e-05,7,0.0014135998208075762,1.514631347011217,0.3938103420195659,1.820103690782343,2.434918600186061,2.3292180556561135,SVD
1,0.0009952014224921064,0.00013770828004850414,5,0.001132299890741706,1.1113815856566667,0.39487932448996665,0.4829539514918863,0.027808302004187713,2.651244423375063,SVD
1,8.929087432504339e-05,0.0002980749389374872,7,0.0013774000108242035,1.031246469306417,0.38550365585543556,0.40905623141976655,0.5879857871250298,2.9294866546926297,SVD
1,7.874785068261198e-05,1.7308404999928225e-05,6,0.0011846998240798712,1.1158210986104584,0.39460644510469994,1.958625865337817,2.555371844324061,2.6613198747074396,SVD
1,0.00046852160442954933,6.746261498265592e-05,10,0.0012648999691009521,1.1670116393935017,0.3957555653546941,2.3089474711969635,2.275589425854543,2.6147847463117233,SVD
1,0.00022809016337048643,3.196584148002248e-05,6,0.0009085000492632389,1.3007526529274187,0.39651960700418054,2.333759626887503,1.1744427777334565,2.5725421883863753,SVD
1,0.000171412321283436,3.389584313067568e-05,6,0.0007799000013619661,1.1506085575417397,0.3968172543238777,2.7888735150799313,2.684297787826209,2.5484829852733464,SVD
1,9.957890635365683e-05,9.582359029070929e-06,4,0.00077629997394979,1.4346018941881398,0.3963698213987503,0.02641481880454144,0.8264277570356585,2.4181897844675992,SVD
1,0.0002697605020965995,1.762875648995551e-05,7,0.001384299946948886,1.4745957640516072,0.3951028304284874,2.8721223952737494,1.6430804606701426,2.366031059316521,SVD
1,0.00011966675821629104,8.261690410783917e-06,9,0.0018474000971764326,1.391036919219565,0.3949077300487057,2.5239182892542313,2.7423232662615558,2.35981045285661,SVD
1,0.00010739183054195605,9.642517568419556e-05,6,0.0012996001169085503,1.0383432383588145,0.3866019600437965,1.085725182828257,0.44740233166702703,2.8952071358997706,SVD
1,0.00023480449783227963,2.9295740610647445e-05,9,0.0011402999516576529,1.1617066723046303,0.39694731750834883,0.122493974302345,3.0604644178295497,2.5335589412667083,SVD
1,0.00025958332436329303,3.786801193981412e-05,8,0.0011516998056322336,1.224305343735973,0.39623813132405616,0.7605193693028505,1.1553309373139034,2.5900710599227317,SVD
1,0.00011479305382369395,2.9240679778962542e-05,7,0.0008940000552684069,1.066483876106266,0.38755702354219623,2.7529463905784084,2.174262066664439,2.867309367210084,SVD
1,0.0003776888832113361,0.0024674015619496658,79,0.015962899895384908,1.064987080508379,0.39102508610551895,1.5620328049374292,0.04118559160901736,2.7711896286687376,QPSO
1,0.000485958627071347,5.7610022891612995e-05,8,0.0012701000086963177,1.2294495154023461,0.3970071589141587,0.9252426155491009,0.3321847953469321,2.524101987142587,SVD
1,0.00022223597386419357,5.8220582217230355e-05,4,0.0006633999291807413,1.1202752922813854,0.39042198986846627,0.5657633942150104,1.2316740164521303,2.7878893918203964,SVD
1,0.00022295849035023287,7.2259462690634594e-06,7,0.000916199991479516,1.5677607698505234,0.39002754031558134,1.3842306501474353,0.5683002055535944,2.252104868732385,SVD
1,0.00035088666696085115,0.0001281265130353086,9,0.0020163999870419502,1.0321616590650813,0.38633883487309584,0.13560240911259758,0.2927340306089272,2.9031604448386474,SVD
1,0.0004467029988713265,0.00036325327994383576,109,0.020506700035184622,1.1802673518966675,0.3938554514875561,1.652148770652995,1.3693490221806286,2.6871082337612258,QPSO
1,0.00017298135132983678,4.020377289592941e-05,6,0.0012437000405043364,1.0903931332424417,0.38965626489606553,1.4806212837915576,2.3401727663831204,2.808925649565542,SVD
1,0.00029415341619982516,4.970717661104427e-05,5,0.0007366999052464962,1.106529043863515,0.39488459457638486,1.645239504474695,0.15269577523153544,2.6510452077040214,SVD
1,0.0006050098099187037,0.0005179102949092606,98,0.018218199955299497,1.3260591409608553,0.3968482499149094,1.8599355895417367,1.181805184125114,2.4522138077012317,QPSO
1,0.0005381436710857176,0.0001327679011276969,5,0.0008461000397801399,1.0580726623900418,0.38698243240691593,0.7472779854476528,2.1922417531141996,2.8839308097144354,SVD
1,0.0002552152416009627,4.0130101141130224e-05,6,0.0008348999544978142,1.1751137834836554,0.39650983377224686,2.408933355800718,0.7781359332607973,2.57321145296736,SVD
1,0.0007745553377284052,3.454761428886465e-05,7,0.000972899841144681,1.5122414091831877,0.3952000800566077,2.6968147574150905,2.1869072453960223,2.369250022053881,SVD
1,0.0003824444319955355,6.711515892915614e-05,4,0.0009320999961346388,1.1646922750785214,0.3938852506078211,0.5079916165617564,0.7310334472867384,2.686128734888017,SVD
1,0.0002308846910995839,3.7901763979643982e-06,18,0.0023676001001149416,1.5434910163242084,0.3848655833276987,0.40861242403311865,1.2561160504402105,2.1755449547645718,SVD
1,0.0008178586136842183,0.00012420062859077439,7,0.001313299871981144,1.203410090433195,0.3948915114602531,3.1195271985790303,1.3320530477900276,2.650783455877614,SVD
1,0.0006636983582217747,0.0001616968933351316,8,0.0012684999965131283,1.033421282515676,0.38711195445440055,1.3842189298118361,3.1370325091918385,2.8801449993929484,SVD
1,0.0005759140069203462,0.00012905921105966887,5,0.0007768000941723585,1.0773473173532668,0.3888434375543895,1.8634348116678834,2.053209746828968,2.8312744308704083,SVD
1,0.0005738438378998071,6.957218829086497e-05,10,0.0014195998664945364,1.1446237329958344,0.3965675819007704,1.7204438113368299,3.0583882690895,2.569174685712206,SVD
1,0.0002752624641966953,3.261140661661736e-05,6,0.0009793001227080822,1.2126220218315504,0.3970502387027902,2.2950753662137675,0.8325700613480724,2.5142848527970365,SVD
1,0.0004601746087131548,0.00012331193373207432,6,0.0009884999599307775,1.0252311340574545,0.38531890081698106,0.6174551960406296,2.76841168633028,2.9355870690080126,SVD
1,0.00027412687496841085,5.024067569709454e-05,6,0.0009258999489247799,1.1976828230072882,0.3938503201775479,2.148376528520717,1.8174708275299984,2.687276587977804,SVD
1,0.000941559595627937,0.00016086283840863324,6,0.0016927998512983322,1.1534230505429768,0.3934909233889716,1.269435731370888,1.1522312915002972,2.698856042351259,SVD
1,0.000276879601757165,6.1768634745280644e-06,4,0.0008088999893516302,1.6927739510905788,0.388952280818882,0.6513972611403802,1.1262882587932572,2.2343421106263683,SVD
1,0.00028325832057774007,5.977160212980891e-05,6,0.0010732000228017569,1.1300412756085545,0.39131043747499256,2.408822994771615,1.018780867676437,2.763212453978082,SVD
1,0.000211485024369424,0.00014098845995970301,3,0.00047149998135864735,1.0598927334785404,0.3866708387940337,0.032654716934008565,1.2611127717537143,2.8931471951240386,SVD
1,0.0009648430875730894,0.00017958361299416628,6,0.0008594000246375799,1.1347144335980113,0.3918593795689802,0.879753137566297,1.3017337955129245,2.7476675763289777,SVD
1,0.0003630551619941329,3.730467889915425e-05,9,0.001301000127568841,1.381439904125759,0.3970680895992084,1.7805840371976183,1.035359275797493,2.4885573597502586,SVD
1,0.0003550489410334856,0.00012238982698396347,5,0.0006528999656438828,1.01957842809173,0.3848557350354106,0.4825295525071822,0.42070540740763906,2.951452947236607,SVD
1,0.0003703760630334687,3.620386095322997e-05,6,0.0011030000168830156,1.2708802133724921,0.3965018418960449,1.6829391143852686,0.18061289978490835,2.4258952784788197,SVD
1,0.0006643689162085334,0.00010418502107621283,6,0.0012763000559061766,1.1662351952904684,0.39451821178926166,0.22352494829687686,2.5428608924091405,2.664485415524336,SVD
1,0.00020930778695549322,5.706511155949097e-05,11,0.0021647000685334206,1.0284760134601905,0.3853630942458438,0.344727229977968,0.7293103994654064,2.934117089978157,SVD
1,0.00018352790801699843,2.6116259758608095e-05,8,0.0015246998518705368,1.1950641271113618,0.3964764568008233,2.235882843403111,2.792007425679254,2.5754577468909123,SVD
1,0.00022226277536595523,2.0602312332178062e-05,5,0.0008765999227762222,1.4431049795414193,0.39670985051977736,1.3507717816778797,1.1579914358457826,2.4401862766492095,SVD
1,8.882964630534477e-05,1.70127070457886e-05,5,0.0008644000627100468,1.1324200947948686,0.39375782955598265,0.6611796612618619,0.4454740300659501,2.690295779617746,SVD
1,0.0004961036766618032,0.0001589151798884381,4,0.0009450998622924089,1.034793487089145,0.38522130683716116,0.05622922960805444,1.1033701427102454,2.9388585099008533,SVD
1,0.00017412948945438333,3.7828726788715674e-05,5,0.0011020000092685223,1.1303694513997682,0.3910016281706673,0.497711656666719,1.949650809747163,2.771842869102151,SVD
1,0.0003462147162903578,5.333620925173238e-06,5,0.0006981999613344669,1.604729577353625,0.3876223138806838,1.6483409655823946,0.540202813677176,2.2138995421877325,SVD
1,0.0003272388304105887,2.7106077794301936e-05,10,0.0015662000514566898,1.2327041524081328,0.3964434880884468,1.9121898675289204,3.1364286521592812,2.4223881085578487,SVD
1,0.0004595056761304386,3.785474628102719e-05,12,0.0017200000584125519,1.404309866877851,0.39681626328922864,0.5469520977904265,1.549213093878648,2.4491606438502416,SVD
1,0.0003507730499589993,6.530313807159816e-05,7,0.0014209998771548271,1.1189880602407238,0.39344925842165207,1.432361475650488,0.8080500117785543,2.70017337002579,SVD
1,0.00018046474872257968,3.0253429542271164e-05,10,0.0014200001023709774,1.1835117811983114,0.3950217902335301,0.04527626630023906,0.6284361844003143,2.645790658423985,SVD
1,0.0005402508747346968,1.4926679497452204e-05,7,0.001079099951311946,1.464108652073474,0.3880742069085499,3.1110533244704897,2.92242085199951,2.2206782127666456,SVD
1,0.0001678087329779957,3.4944301579443055e-05,6,0.000865299953147769,1.147734153877846,0.39200353527617615,2.23830116641164,1.1013873180633622,2.7435317823913126,SVD
1,0.00021329767489313366,4.712947993185865e-05,7,0.0013047999236732721,1.1251516199016198,0.3906473108834159,0.2251508518848766,1.6289279132880967,2.781670728547705,SVD
1,0.0003967502529128489,9.716795557049676e-06,6,0.0009210000280290842,1.3943062267600295,0.3895305719788103,2.5610804104513853,2.141857291899119,2.243740317691044,SVD
1,0.00030916908151340587,6.531235620017855e-05,7,0.0009836000390350819,1.119809628957047,0.3905867758093695,0.6783271290975921,1.1029674102345624,2.7833434732065108,SVD
1,0.0002672426788137054,4.4746910260164805e-05,13,0.0018730999436229467,1.2063871849801613,0.39502833338732307,0.1839254465555071,1.3233184953173442,2.645536637940577,SVD
1,0.00031713548360857275,4.788611813343487e-05,5,0.0013083000667393208,1.208518774968327,0.39669283430749297,0.19249512063515395,2.534967809281436,2.438881721208306,SVD
1,0.00010009162576981639,1.2880338804165106e-05,6,0.0011140999849885702,1.2143787972165057,0.39647742937109987,2.255522292652439,2.5343848568961214,2.4244067949295722,SVD
1,0.0007189657921017523,0.0006136779471834155,5,0.0010220000986009836,1.134036375535951,0.392192519362119,0.0780154571985361,2.339913197196145,2.7380697100470606,SVD
1,0.0008168409022766338,0.00017775705707881546,6,0.0010639999527484179,1.081188398784348,0.389147948727537,3.124547050396873,2.0549644494189625,2.822884175771998,SVD
1,0.0003416979973600658,2.114538590032939e-05,8,0.00162240001372993,1.2847782169009376,0.3875527476150705,0.6417292815672857,0.5484318808422275,2.21287008786328,SVD
1,0.00017770444200173268,6.929195641445226e-05,6,0.0009242999367415905,1.024799421732651,0.3857444674230312,1.3270846500332267,2.8010267751978795,2.921701244836407,SVD
1,0.00010226963183500305,2.129289500373747e-05,12,0.0017754000145941973,1.1028499432949406,0.39377971275996665,0.4580864449826261,0.1066653297552036,2.6895840309539665,SVD
1,0.0008006432219376282,0.00011491845525893968,5,0.0007504001259803772,1.1938193049922452,0.39515977152710535,1.8766352896965444,1.961901091693315,2.6403629543951057,SVD
1,0.00022778355930212248,2.408827199566164e-05,5,0.0009043000172823668,1.2156945817276552,0.3970038636539124,1.6201794851496496,0.06946934593280485,2.4719136259072876,SVD
1,0.0008091932460237961,0.0002161865071755132,10,0.0013175997883081436,1.0263550045921608,0.3848705326992141,0.6330202392734314,0.8466029961741195,2.9509317860097086,SVD
1,0.000698532901281033,0.0002629680750479115,4,0.0007933999877423048,1.1454613326659722,0.3953806866366881,0.010998806545438722,2.382650690485013,2.631329957323466,SVD
1,8.12756989305271e-05,1.698424482397059e-06,6,0.001057300018146634,1.5831309374760474,0.38551622412959397,1.856669652175463,1.3561174608473152,2.1841896702663455,SVD
1,0.00012844170935456565,2.795933780056641e-06,6,0.0009683000389486551,1.7067039214216304,0.3867656182722383,1.695907765342663,1.7724883810094685,2.201465692449245,SVD
1,0.00011524210915576702,1.3487724713299684e-05,11,0.0020157000981271267,1.3136826208325225,0.3970777538839855,0.4894644139914468,1.2804119761104324,2.4974191223125457,SVD
1,0.00013133268442706142,3.5764255251698045e-05,5,0.0009253998287022114,1.044202086886514,0.38560063971416497,0.10851189316427412,1.9524508546541597,2.9263297100601147,SVD
1,0.00015872473834139896,1.5307824182258744e-05,10,0.0016720001585781574,1.302329903264088,0.39668140554294556,1.04031410262046,2.796498488241131,2.4380220604607503,SVD
1,0.00047872318171885954,5.7149568745466614e-05,6,0.0010252001229673624,1.2634475634097615,0.3967610385973635,2.587331384952143,0.6521009576763612,2.553764659568422,SVD
1,0.00011490759591050622,6.342073561818048e-06,9,0.0011917001102119684,1.2971951939194983,0.3907104423132704,0.9442182474695535,2.988347927035345,2.2640916296644464,SVD
1,0.0004893369837452987,0.0001306239863468527,5,0.0008375998586416245,1.0356977357590067,0.38525984644452316,0.686985819316269,2.2168823899336463,2.9375623970005953,SVD
1,0.00034532217763194345,3.369917144424874e-05,6,0.0008380000945180655,1.4039691226246482,0.39701460730186744,1.7831668951565334,2.0092452901313713,2.4738765855477833,SVD
1,0.00011661917378867105,2.7782204978524455e-05,5,0.0011001999955624342,1.0713421909988075,0.3893919015746356,1.7274067604231957,0.8411583180455557,2.8161805694555726,SVD
1,0.0008398018393569208,0.0001806181401063642,9,0.0011887999717146158,1.0610720336271298,0.3892776449868939,2.3121884612537205,0.3338037211912916,2.819318746270688,SVD
1,0.00035288782288576693,9.782017705167564e-05,6,0.0008681002072989941,1.0164710297747348,0.3846604309616902,0.15725301158557725,0.12514618535921684,2.958431776109899,SVD
1,0.0001740238028397788,2.3559072657621265e-05,6,0.0012154998257756233,1.2472295298180058,0.39676103249377204,0.5890559097418482,2.584815512792252,2.5537652075400974,SVD
1,0.0004458863564214959,0.00012269254071263112,10,0.0018098000437021255,1.0286940439068128,0.3847187176230407,2.3357791172853037,0.8834971151981748,2.956328855252307,SVD
1,0.00023541193964086253,3.9696965821548776e-05,7,0.001068799989297986,1.1297432258816664,0.39489886913459793,0.5334760356840799,2.9403979621872516,2.6505046663508463,SVD
1,0.00036355786868270983,3.39174754167657e-05,6,0.0011098000686615705,1.3157574773186012,0.3969580635465655,2.6106209129838636,0.4995794852784248,2.464844228751063,SVD
1,0.00027136187171113813,6.0202158864575775e-05,5,0.0007015999872237444,1.1138162124140727,0.38999643350793933,1.4005706490763599,1.4759415988463673,2.7995914067781085,SVD
1,0.0002004895572084176,5.71124564103131e-06,5,0.0006789998151361942,1.685100761179159,0.38899428913262596,0.8981902751857458,1.8871516448368464,2.235013504116836,SVD
1,0.000619324943877655,9.808485095353003e-05,5,0.0010110000148415565,1.161359156975345,0.39656108441734,2.061088973312321,0.6629744500968502,2.5696391545041077,SVD
1,7.59259653354851e-05,7.173640502860756e-06,6,0.0010915000457316637,1.377085273049889,0.3964979880745164,2.0444582395067354,1.8324825636502624,2.425658176614034,SVD
1,0.00010607499739059304,2.599599352772869e-05,14,0.0020051999017596245,1.080888933444975,0.39123683694670414,1.1869000721169112,0.2871603474036384,2.765275810857655,SVD
1,0.00010615420208121686,5.3397697121396795e-06,19,0.0029177998658269644,1.5691205217886917,0.3918149442455804,3.006987055483833,2.434707583283494,2.28493002751253,SVD
1,0.00016185975937239885,6.178257343322862e-06,8,0.0015616999007761478,1.4870089141327345,0.3907140210295954,1.4958950342179582,1.2636255195082917,2.2641560883870415,SVD
1,0.00023954050634973352,5.9675819991508864e-05,12,0.002394299954175949,1.0375260097698145,0.38773369449936546,0.5078228184182287,0.06597226215745566,2.8622790894095465,SVD
1,0.00025697037267769765,2.484447003974834e-05,11,0.0015596000012010336,1.2364948345221929,0.3968390878041326,3.029799075906591,0.7985487751760152,2.451318191983664,SVD
1,0.0005544300845249127,0.00017452058224150046,5,0.001163500128313899,1.2885138321548497,0.390381146470562,1.0739187944805453,2.4655961919786784,2.2582357676296585,SVD
1,0.00011165727194734442,6.914844602794397e-05,6,0.0008727000094950199,1.2249910440559366,0.39521994840667257,2.6908849250492306,2.8865626277883982,2.3699181440099153,SVD
1,0.0002649358496874697,4.505018410700875e-05,5,0.0011596998665481806,1.1063897100575755,0.3948412711620904,1.5827290239042178,0.13345297786396862,2.652677377104169,SVD
1,0.00018350927137777498,5.365710311859813e-05,4,0.0007350000087171793,1.2454859324955014,0.3956469580500911,0.4736677888185339,1.6127131704366624,2.6197627462521735,SVD
1,0.0009243845388153953,0.0006159010487233391,5,0.0011430999729782343,1.0472721498989073,0.38877753326329617,0.14667499174512422,2.7747926129630676,2.8330948022805753,SVD
1,0.0007244298493315241,3.914620820495753e-05,7,0.001113200094550848,1.281417626864074,0.3962170649800845,2.7538800575332294,0.9062112830457814,2.4101483045915026,SVD
1,0.00032298338085228785,2.455727396784088e-05,4,0.0006188000552356243,1.2730365406506985,0.3967911122059372,0.12120783738799545,1.8554904270581625,2.55100055735185,SVD
1,0.00023698748808869595,8.125953447185042e-06,6,0.0008239001035690308,1.2702481424012815,0.3902407510225627,0.29246448259800895,0.5514469162376843,2.2557827660446286,SVD
1,0.000818915739261415,0.0002197838556151585,4,0.0006999000906944275,1.041206963757972,0.38546159336107694,1.0860489897910317,1.102559182588279,2.930865301220612,SVD
1,9.081601357217076e-05,9.816859553595991e-06,9,0.0013415999710559845,1.2564580197443687,0.39698803770054203,1.7002682602340293,2.2086158500709026,2.469269325419991,SVD
1,0.0008112093600983461,0.00019801912565286904,8,0.001098899869248271,1.0308292469006122,0.3867846932280906,0.42439235563662736,3.1038032715749737,2.889760743863455,SVD
1,0.00012935503728164755,4.410227017007615e-05,6,0.0010220000986009836,1.0443031650026127,0.38805636696168916,2.5993788273055776,0.4794130937848564,2.853170679796955,SVD
1,0.0007261328706371985,0.00039937997252714443,138,0.025228300131857395,1.1009143505724457,0.39454647235756307,1.296421265177654,0.20510159011552265,2.6634760515116906,QPSO
1,0.0004071502297421136,8.230550797973377e-06,24,0.003051700070500374,1.5147318354481918,0.3880100108223222,0.8100194214221582,1.2561979877455656,2.2197053176891615,SVD
1,0.00019161698173774308,2.8894837325915145e-05,5,0.0009407000616192818,1.2743990508830598,0.3960957450226298,0.5203594031866192,2.0007926457873766,2.5979013514456595,SVD
1,0.0005487133442225287,5.330211109958356e-05,9,0.002145899925380945,1.195711398117995,0.3970776153120538,1.9691910072216308,3.092103202470038,2.4994175884293437,SVD
1,0.00016822686640752051,3.904786536943603e-05,6,0.0008823999669402838,1.075047443690396,0.3901376468703028,2.747395296995956,2.379371368930558,2.795712875413919,SVD
1,0.0008117039579784906,0.00013076684165817923,5,0.0011209999211132526,1.1951466179213288,0.39383408105498524,1.8806444990925906,1.1980143656479383,2.687808782056723,SVD
1,0.0009366555938611479,0.00013800670235928668,7,0.0009669000282883644,1.1285043582077383,0.3947827000339486,2.823993355513861,0.6986976411541823,2.6548645198651517,SVD
1,0.0002239443916867089,3.3522691357389484e-05,6,0.0016145999543368816,1.1260043969105062,0.3960726163977301,0.8037259430025752,0.3326488383172612,2.5991238831175174,SVD
1,0.00012162795647055111,0.00012494502891735061,5,0.0007376000285148621,1.101095277655941,0.39334514685914945,1.0806317137371781,2.53131709058868,2.7034443392332568,SVD
1,0.0005428669996756385,6.269642637563391e-05,7,0.0009820000268518925,1.2385231203660796,0.3968057258526308,2.127758120770056,2.653499567307002,2.5496074427180693,SVD
1,0.0006620429640218975,0.0001409619679297304,7,0.0012512998655438423,1.0964523316044408,0.3898088049327849,0.9139038807680842,1.2106042819649536,2.804740734637777,SVD
1,9.057534258440084e-05,1.883677378054884e-05,5,0.0009457000996917486,1.147250341353696,0.39211631474352937,0.8675868469469474,1.7030388671744117,2.7402779528126953,SVD
1,0.00022996469146918452,3.587205255908459e-05,6,0.0010732999071478844,1.187498708170524,0.3958563790131836,2.3007524511566775,0.9926746793901309,2.6100035241879302,SVD
1,0.0002397079068568909,2.2628120739591418e-05,6,0.0012336999643594027,1.4201854465043513,0.3967916729343558,1.959695591586251,1.6490622529232353,2.4469413460271454,SVD
1,8.888364136207075e-05,6.425634063594481e-06,5,0.0011179998982697725,1.3838685870953726,0.394792608780267,0.18710854667577514,1.9909373549668201,2.356274345933841,SVD
1,0.000568649175773606,2.231312704685782e-05,5,0.0011058999225497246,1.556770644987416,0.3942475799564777,1.3091593404501998,1.8506670669439291,2.3406580754232245,SVD
1,0.0003114492258251006,6.534807673567985e-05,9,0.0015623001381754875,1.1114490872092873,0.3904192490064537,1.968989345691504,2.1691483640333313,2.787964918729246,SVD
1,0.0006644695504688758,0.0001099966019899772,6,0.000849299831315875,1.1984764054102768,0.3965948478342705,2.614113514195136,0.9092174107953972,2.567194750157186,SVD
1,0.0005630191315168018,2.1178581047668353e-05,4,0.0006492000538855791,1.4151606014945086,0.39547696521628706,0.08631445365965007,1.8309357510167663,2.378916997224435,SVD
1,8.48964741876581e-05,1.693828526789004e-06,6,0.0013309000059962273,1.2896687977208166,0.38593934501330357,0.3696821342763221,0.4807498293131211,2.1899357752014517,SVD
1,0.0007263689042230843,1.48973318142919e-05,25,0.0031564999371767044,1.466742671664831,0.3916994283882774,0.8186372607964096,1.2446820622520218,2.282653796852189,SVD
1,7.31761633805169e-05,5.061863805054129e-06,6,0.0013244000729173422,1.2812822270217472,0.39356226827993374,2.1280493253912853,2.3913616886219584,2.323074374815274,SVD
1,0.0007071798778337169,3.598105056237428e-05,7,0.0019808998331427574,1.4999005972418245,0.3957741109979468,0.34195693807519767,2.0294328092357548,2.390307474312194,SVD
1,0.0009963913490658389,1.7922056455159163e-05,5,0.0011995998211205006,1.432936289321063,0.39392511738965147,1.9671714829737859,1.891392040576342,2.3321411122007554,SVD
1,0.0005949059347664004,0.0003322339509355988,3,0.0007106999401003122,1.7572601526836795,0.38539754257380626,0.3103141325889722,1.144228511478478,2.1825959616366752,SVD
1,0.0007704436092306116,0.0005465048921167213,4,0.0006047000642865896,1.0342669476293842,0.385692291939206,0.3569969270311537,2.28715616786815,2.9233731658095907,SVD
1,0.00013175224690227449,3.57473160559733e-05,6,0.0008833000902086496,1.0481930613116168,0.385796679716106,2.345962658887546,1.809053766763482,2.9200359853712086,SVD
1,0.00024263047689287558,3.791746393565002e-05,14,0.0018591000698506832,1.2555920782757461,0.3956981053292608,2.0639489925078256,1.4797657270040547,2.61743939457021,SVD
1,0.0006133172754011683,9.147365294918887e-05,8,0.0011909999884665012,1.2401797632054967,0.39577032876708007,3.007672509802016,2.252294222117757,2.6140946992444762,SVD
1,7.488280183287444e-05,0.00014977648381429848,6,0.0009604000952094793,1.0580106568291263,0.3898914357888898,1.5072103543156976,0.09619091661062562,2.8024733909357575,SVD
1,0.00025987843337113586,1.0376872921438146e-05,5,0.0011687998194247484,1.6142490962585962,0.39193679454733743,1.469294802189604,0.9508779949377111,2.2873585048589944,SVD
1,0.0002848746198608068,3.801509999612338e-05,10,0.0016512000001966953,1.2791748742853486,0.3966459053299542,2.802485296181851,1.7461395291756705,2.563340634057644,SVD
1,0.00028310775193879394,6.949918590700705e-05,6,0.001074699917808175,1.0800824683021013,0.3894912900052445,0.6086803562546627,0.6537204348147578,2.8134523286557656,SVD
1,0.00033751599734172536,1.0609767167935337e-05,7,0.0009441999718546867,1.6462701853983372,0.38999716373004756,2.0745811253609774,2.2822098849111963,2.251585384496661,SVD
1,0.00012113983732602176,2.2037870895250243e-05,5,0.0006714998744428158,1.12889387117452,0.39436938839194136,1.0105311839270081,0.29580292644549466,2.669733876934551,SVD
1,0.0006772152915624001,0.00016716473297797514,5,0.0007370999082922935,1.0495807809497975,0.3862609811432041,2.1916078088439583,1.9136275680624193,2.905541050684168,SVD
1,0.0001281135742050428,1.5696563476167107e-05,5,0.0009087999351322651,1.242002504017355,0.3970746889516273,0.30386605178655257,2.187202630573882,2.5035144577562654,SVD
1,9.95790759397236e-05,1.7238218815208296e-05,5,0.0012368999887257814,1.1762737540158812,0.39511561957533226,0.45041445981283035,2.0930748827299404,2.642116333781925,SVD
1,0.00017028868636947302,4.366753208516481e-05,14,0.0019759999122470617,1.05546638191568,0.38975306712776686,0.43998167567315466,0.38460307002586935,2.8062699402426396,SVD
1,0.00022204856368886718,6.791795731260001e-05,5,0.0008744997903704643,1.0542733249747587,0.3880760757684372,1.449233197698754,2.376936465945449,2.8526172960533387,SVD
1,0.00012963705026722622,6.975107669971101e-06,10,0.0020681999158114195,1.5960935490006027,0.3930882260694263,1.2876842895598988,1.994396461302383,2.3119209106810885,SVD
1,0.0003086109401412104,6.352258454105198e-06,6,0.0011967001482844353,1.6659805285427267,0.38803528316334934,2.523583762349186,0.7607491088990739,2.2200879201460086,SVD
1,0.0008277999032420612,0.0020460513136950037,106,0.017554699908941984,1.0636726551998315,0.38937977405052776,1.5290513931377314,0.36639480059233787,2.81651356242719,QPSO
1,0.00011791209005717006,1.3161561929306888e-05,10,0.0015807000454515219,1.3598550845973458,0.39705391761029446,0.39612269348658075,0.8117075032263887,2.4831644217380773,SVD
1,0.0009248298140297785,0.00015377194787341095,8,0.0015131998807191849,1.2220593696503288,0.395270516953319,0.7294316023061399,0.2818955472078475,2.3716354168163747,SVD
1,0.0001322023131109501,9.899340567117335e-05,6,0.0012184998486191034,1.1113831208036657,0.3944088933563332,2.8408899420853775,3.0508804074996836,2.6683513264135894,SVD
1,0.0007982118501659781,2.1318402700246906e-05,22,0.0038475999608635902,1.3502842029376727,0.3906232081851668,0.08811170004498248,0.9025079490300474,2.262525944367402,SVD
1,0.0001505714535575129,3.9370635043451063e-05,9,0.0018255000468343496,1.0376997322155679,0.38672444492824426,2.953203313279978,2.759079812764775,2.89154992799412,SVD
1,0.0004219779281683277,3.0432995524888765e-05,5,0.0009355000220239162,1.3743682216271906,0.39633433839131194,1.4945204141478816,1.2682322547218183,2.4162479066044527,SVD
1,0.00028394382790271393,3.7840469078458385e-05,16,0.0031655000057071447,1.1827879631371112,0.39707613581670365,1.0770406672045065,0.03333333926142634,2.50205701724206,SVD
1,0.0007851288054346859,4.388354199657078e-06,18,0.0027143999468535185,1.294312956004484,0.3883180013356713,1.0237915823661607,2.8717172714848704,2.2244040669487584,SVD
1,0.000313820628496302,7.634024346745424e-05,8,0.0010526999831199646,1.0437083236082798,0.3880572409928256,2.376684151537628,2.973965879083507,2.8531461320534834,SVD
1,0.00024262370696061315,3.858402948360978e-05,5,0.0007295999675989151,1.181271361978894,0.3960677420686707,1.8623692399734892,0.9098468001543036,2.5993799256997865,SVD
1,7.665610412124994e-05,8.387317592535164e-06,7,0.0010120999068021774,1.4132421294146005,0.39696563785862293,2.457961688870179,1.8157323585149894,2.4659035288841644,SVD
1,9.253094073916527e-05,1.1046737874040445e-05,5,0.0013749999925494194,1.2261896916887796,0.3970770000585716,0.4866327340604202,0.22767810222475846,2.500841512531604,SVD
1,0.00016059454829707667,1.483242708223111e-05,13,0.001749000046402216,1.2158151902107055,0.3966205181347864,1.239072732405682,0.6424477180631554,2.43364265418643,SVD
1,0.000117969391987975,1.7522348177575935e-05,6,0.0010494999587535858,1.232670005388671,0.3964366405353414,2.4400791713201526,1.984922779621212,2.5780632358731905,SVD
1,0.00012839580625598635,9.896167525071558e-06,8,0.0011249999515712261,1.4099127218544307,0.3956423890192526,2.365565964127656,2.588421546968834,2.38510883493977,SVD
1,7.648955384776563e-05,1.274453060404778e-05,5,0.0013715000823140144,1.2548301218771338,0.395603102099639,0.38625620244173886,1.9006649905573683,2.6217268028011183,SVD
1,0.0002646733349317288,4.2649618652446584e-05,6,0.0008614000398665667,1.247663316099066,0.39542070295977566,2.070027446167078,1.7635359949662448,2.6296429858402663,SVD
1,0.0005840462412451925,1.2831324011366306e-05,8,0.0012572999112308025,1.3163019099533437,0.39177855932975225,0.3045292000311073,0.8237624980650363,2.2842103775954805,SVD
1,7.778676062826681e-05,1.4482199138887746e-05,5,0.0008315001614391804,1.1526646817417368,0.3940696320284456,0.39076680230177,2.1060280825760844,2.679996297811435,SVD
1,0.00030190966838496006,5.094742483032993e-05,5,0.0011990000493824482,1.209748202913753,0.3946611468411539,1.5215213998409522,1.0016791843088182,2.659335851643383,SVD
1,0.000207020351543536,3.2156573207141524e-05,5,0.001119599910452962,1.2555795977989181,0.39586320972784395,1.1532986602086064,1.5935990678488166,2.609673478254043,SVD
1,0.0006545001664987681,0.00016133558368713706,7,0.002220700029283762,1.0520491326739132,0.38690461735172316,2.2477741890579637,2.10410736528108,2.8862175265961962,SVD
1,0.00013162448662801176,2.5246409499798805e-05,7,0.0018444000743329525,1.0912397623800245,0.39365185408056347,2.8569905611978466,0.10544803790042412,2.693720744158994,SVD
1,0.0003953867645589342,2.138603542416861e-05,5,0.0008188998326659203,1.5450818688321455,0.3946497377151493,1.5339216658041284,1.264513300084598,2.3520108514677047,SVD
1,0.000722874024916613,9.306776375434152e-05,9,0.0012231001164764166,1.2109407209209044,0.3966666997982384,0.7096816488708844,0.3854284047814653,2.5617098828188074,SVD
1,0.00022001063626462568,1.7643426725674087e-05,9,0.00193690019659698,1.2454334428918334,0.3960547666806534,1.0175341019839728,3.1380113792857816,2.402374995811865,SVD
1,0.00025020767519019803,4.913116285079549e-05,6,0.001331700012087822,1.166248775518679,0.39292216056170043,2.569981232335255,1.482521914100275,2.7164580822068136,SVD
1,0.0007625524404704777,3.263483298189477e-05,5,0.0010725001338869333,1.2334934478625004,0.3945777554377318,0.42102039126334345,0.2651057875232241,2.3499115989031725,SVD
1,0.0004215797763479579,0.0007092600743532872,6,0.0010877999011427164,1.0625453111080247,0.3899944640172769,3.129585246476994,2.945832966487383,2.7996454777747823,SVD
1,8.361317617741273e-05,1.7618529735587765e-05,10,0.0016205001156777143,1.1394606858138572,0.39219326477021477,0.06516875886518125,1.2813959900873026,2.738048069958925,SVD
1,8.699587086928186e-05,1.2472068251351607e-05,9,0.001349099911749363,1.2918263073408194,0.39673205195162875,1.3626996074757995,1.4477730365291102,2.5563128281644794,SVD
1,0.00010463534969427347,4.280490952655243e-06,8,0.001251499867066741,1.5118930794165244,0.3899479407164397,2.0460081821263687,2.729671709574604,2.250745937366384,SVD
1,0.0007476449745852458,0.0005632575767376863,78,0.015469199977815151,1.3385847097360217,0.39707176086325796,0.010391743353607819,0.8280078742869099,2.5056511554393577,QPSO
1,7.172953687462611e-05,5.742070071789242e-06,6,0.001083600101992488,1.4552935493371437,0.39555986527624665,1.99387630347214,0.7200176836145369,2.381976481001278,SVD
1,0.000289704523887539,4.114088608617383e-05,5,0.0008094999939203262,1.2166902094736625,0.39628934661726306,1.6072487933932655,0.5389263048335535,2.587109787252393,SVD
1,0.00017824426932288998,4.4860910679526744e-05,5,0.0007136999629437923,1.0676687980786141,0.38714896358828677,1.283207131036633,1.5281944370707157,2.8790677415795423,SVD
1,0.00027003889551931604,5.689570169579499e-05,9,0.0015066000632941723,1.1116495256060497,0.39135169924325863,0.21823789076422218,1.0845695001632794,2.7620537852952416,SVD
1,9.31118069887732e-05,8.065947079925597e-06,6,0.0011944998987019062,1.2511968139089324,0.39614388364348824,2.1919223068147606,0.03664810405105845,2.4065573745070665,SVD
1,0.0009268096386474227,0.0001381763605519464,7,0.0011422999668866396,1.1375902163579767,0.39588237371204843,1.7614610253098153,0.5937493796247599,2.6087431646488257,SVD
1,0.0005123531953143699,0.00013856755415549057,4,0.000824199989438057,1.0323467262224,0.38502555721398407,0.8772121489653726,0.8917609677617184,2.9455317711352516,SVD
1,0.0002324349781955111,3.484688338493591e-05,11,0.001546100014820695,1.1422571618663002,0.3960323017363284,3.056902846640435,0.06987189371699021,2.6012253015630797,SVD
1,0.0005961941927293012,0.0004426316207257688,5,0.0008075002115219831,1.0322964008627697,0.3864637875513387,1.3863680544582302,2.6498422934510613,2.8993663818681115,SVD
1,0.0004797747790645144,8.392452287201799e-05,6,0.0008497000671923161,1.160870233892348,0.3936649639066882,1.8119663272641233,2.39561518426049,2.6932989783267463,SVD
1,0.00042837182072061856,0.00019183799860860804,4,0.0005707000382244587,1.0543498899674864,0.38639812393650347,0.8184431688634262,1.7606362459836047,2.9013561790608824,SVD
1,0.00028299301932212446,3.398629726617086e-05,33,0.003987199859693646,1.236840430430389,0.3948035114878146,1.244010330807473,0.20595155934995413,2.356605252573636,SVD
1,0.0004824891433660913,0.00011401866712376333,5,0.000856500118970871,1.0656962341279468,0.38770800562345364,1.7845079344646315,1.9841248212628195,2.863008481021973,SVD
1,0.00019282419140090977,2.8068141690280127e-05,7,0.001143899979069829,1.198765008260806,0.3961552292370246,2.8750211840488182,2.6802008002737003,2.594696641617148,SVD
1,0.000937458651161702,5.4820993382139846e-05,20,0.0027830000035464764,1.4666469648182032,0.3947622151025333,0.21703484815768756,1.4266612661168363,2.3553561310502724,SVD
1,9.081044196048666e-05,1.4548772833025747e-05,5,0.0011511000338941813,1.1704467279255246,0.395912075698139,1.061777124068139,0.32886189511830555,2.607288302038394,SVD
1,0.0004167850592837923,9.743806742746332e-05,5,0.000721300020813942,1.2549406718396614,0.3939402271601999,0.4121795947169469,2.5019824511086677,2.3325299486985456,SVD
1,9.899081439529233e-05,2.522770906123438e-05,9,0.0011563000734895468,1.0579390023696722,0.3876429041419371,1.6160277679580028,2.1724922263693234,2.864859976948507,SVD
1,0.0003358218653900451,2.5279901768897056e-05,4,0.0007136999629437923,1.4137714242694668,0.3961706529231803,0.5951563400999182,0.6668635216374423,2.4078535099913845,SVD
1,0.0006094957692646556,4.011838062920912e-05,5,0.000686699990183115,1.3648787073075428,0.39625588844992077,1.8494688779124226,0.4905286124830024,2.4121173210823637,SVD
1,0.0005648378604144189,9.642092753405463e-06,5,0.0009657000191509724,1.6688067976699463,0.38822949230305864,1.7601460883796376,0.7885827949461586,2.223045630528367,SVD
1,7.907489801095189e-05,5.861077246442301e-06,6,0.0008289001416414976,1.2719505597949725,0.3940656323294951,2.2299605569368532,2.409929761942193,2.335794824165338,SVD
1,0.00030225831771139584,3.8488835829441915e-05,7,0.0009278999641537666,1.206202503100527,0.3968644390353049,2.818351084690355,0.8806993458599024,2.5436100542495037,SVD
1,0.00038440571573950243,4.2560805842053045e-05,9,0.001858399948105216,1.3018360982043662,0.39704255301534874,1.4665044654793091,2.4699171944483034,2.51641690428859,SVD
1,7.702741569654928e-05,2.1207401622503106e-05,8,0.0013615000061690807,1.255343857264791,0.39323289120509,1.640584679103731,2.9171886742900432,2.3152494591530512,SVD
1,0.00014681778933087495,3.460974920591045e-05,5,0.0007965001277625561,1.081556434248717,0.38923738455366946,0.9606691664239104,2.0708402069942835,2.820425123875344,SVD
1,0.0008044180918100064,5.7505042582115425e-05,5,0.0007996000349521637,1.399985438410709,0.39678742031372793,0.4914662225988464,2.3291527740378464,2.446567582062507,SVD
1,0.00011990141507756051,0.0001206002379156065,5,0.0006683000829070807,1.1379601506055943,0.39592122688054576,0.6606799600889288,2.552197388695103,2.6068367966860206,SVD
1,0.0009853736402620516,0.0032027241861963505,84,0.014944100053980947,1.0905952814046398,0.3936273862179403,1.090324160673119,0.3268292598674454,2.6945064999876513,QPSO
1,0.0006657353029913133,2.877981145545243e-05,5,0.000912100076675415,1.5506264143309723,0.39453763114715673,1.7780294427774743,1.12774491955463,2.3487548925318764,SVD
1,0.00015135297601422996,4.072145331459658e-05,5,0.0007666000165045261,1.042489691169359,0.3853849507632439,1.2832242125361297,1.614443041463593,2.933392644255898,SVD
1,0.0002126462552123733,4.8708729769605966e-05,21,0.0024788000155240297,1.0601440855491882,0.38987557812281104,0.9512204445137957,0.5028303470347897,2.8029085549756,SVD
1,0.0003247013328326635,0.00011823121279331814,6,0.0010638001840561628,1.0560303876686146,0.389899918247517,2.5744235758291407,2.7846022421778533,2.802240607375987,SVD
1,0.00030810122299235827,4.52892249468549e-05,8,0.0010846999939531088,1.1799379209070435,0.3970512979745407,2.7821903238057697,0.004748348613581309,2.5139689780434864,SVD
1,0.0006940018612790547,0.00010592839263538741,5,0.0008330999407917261,1.2024599538887593,0.39492715435939285,1.8455738388522853,1.3127454989705996,2.649429446242938,SVD
1,8.229845312316927e-05,9.393404572438135e-06,5,0.0015964999329298735,1.235693107062978,0.39704971277345014,0.7995975165754645,0.20769381778103213,2.4819097122072904,SVD
1,0.0008782121546222917,0.00016284668961192528,10,0.0014003999531269073,1.0694652343440214,0.39164811556933493,0.6135499406182645,3.011023047937986,2.7536856235574585,SVD
1,0.0009685791454216869,7.873998549277658e-05,6,0.00090230000205338,1.3133535178624745,0.3970463260018229,1.800415012719729,2.4095790215446513,2.5154025208425552,SVD
1,0.0005476758784076804,2.1235261547161837e-05,14,0.001706999959424138,1.5804773536104386,0.3929194200930344,3.0149817612457337,2.242727283806236,2.308113573335711,SVD
1,0.0007921654964667356,0.0001395594427102248,5,0.0009691999293863773,1.1401486121063278,0.3926527788962617,1.8968319941614888,0.7619258063105856,2.72454562028416,SVD
1,4.101767704959801e-05,1.457255608281567e-05,4,0.0006010998040437698,1.5283901354870886,0.39497080051311323,0.3683024449709258,1.341342683547581,2.3617887154597845,SVD
1,0.0007951258033602156,6.984067631183975e-05,13,0.00193060003221035,1.1918117548725193,0.3970648574905707,3.01234222885069,0.061569665732596146,2.509170023548225,SVD
1,0.0008449660046148948,9.611734459950278e-05,6,0.0009258999489247799,1.2580839781597637,0.39646050892118423,3.118227959299447,1.8233694847635968,2.576510633386384,SVD
1,0.00040411600918464213,8.203158953771236e-05,4,0.0008243999909609556,1.1335696761189835,0.39134811417258536,0.5884202562822134,1.4620742394021748,2.762154513415169,SVD
1,0.0003527737613320548,6.5193548581441025e-06,8,0.0015916000120341778,1.5520719708020096,0.3886723246005362,1.2441605071797248,1.3648998798270613,2.2299105363796246,SVD
1,0.00021383830158803143,3.095545113562054e-05,5,0.0007593999616801739,1.1447231087289762,0.3963399239475937,1.1374484691691436,0.005512509758062389,2.58409826814456,SVD
1,0.00011532335623723536,6.0522962131978906e-05,5,0.0007096999324858189,1.109873465322546,0.39356657334018474,0.9212616513039888,2.4542478249534874,2.696451579447764,SVD
1,0.0008360108992003077,0.0001856616956746566,4,0.0009820000268518925,1.0865684918232101,0.3883833349087097,0.966103575358984,1.3315068331885491,2.8440279593833093,SVD
1,0.0004218728312160614,9.494501737403908e-05,5,0.0006945000495761633,1.093093368261342,0.3892965727721841,1.6824143131099163,0.9828291064645063,2.818798714215106,SVD
1,0.0001388890686699836,2.7222682345735973e-05,5,0.000705700134858489,1.17748589549965,0.3931221574795362,0.5178078133585933,1.9112954050518451,2.7103568718869138,SVD
1,0.00034843599011679966,8.178021085153462e-05,4,0.0005904999561607838,1.0777657609745517,0.38862746060332426,0.4777809826059931,0.8572227226153419,2.837247374048712,SVD
1,0.0002284663533469861,7.799961933523015e-05,6,0.0009267998393625021,1.0169623031959507,0.3845558332798249,1.1792360874524874,2.7797205734344868,2.9622513389405247,SVD
1,0.0001168715320772533,2.6705060495860335e-05,5,0.0009700998198240995,1.0915555696359949,0.3903677438713991,1.4524562020179053,0.989143319277531,2.7893837235581476,SVD
1,0.00028223877121889054,9.819945883606489e-06,6,0.0007839000318199396,1.5709326524682117,0.3912122989566859,2.6900306283991053,0.661237143519326,2.273314888154413,SVD
1,0.0003520736055189543,4.41181493345949e-05,7,0.001031199935823679,1.3084193021697665,0.3968108164959847,0.5669523461846793,1.5366889565465405,2.549113783956218,SVD
1,0.00018640620363740036,2.533965826675856e-05,5,0.0009083000477403402,1.3131549748889264,0.39676197692330933,1.143796119630673,1.5042912024130635,2.553680358128302,SVD
1,0.00028640651880710053,5.323492866888187e-06,5,0.001260099932551384,1.3938544903859396,0.3862467824255419,1.706940633843964,0.003398204340931077,2.1941763741435576,SVD
1,8.629295508810266e-05,1.2855587233527789e-05,7,0.0010363999754190445,1.179278681533645,0.3961862333589278,0.38195186231940154,2.8166955867881884,2.592989568825278,SVD
1,9.093488100031058e-05,0.0002193517675399518,4,0.0005737000610679388,1.0452218972499097,0.3858088248829677,0.6788918267920172,1.8488775794418881,2.919649729286735,SVD
1,0.00026316419926667047,4.723152924329197e-06,6,0.0010744999162852764,1.7058946721512462,0.38716980610487356,0.9405488615804383,2.273269228471687,2.207267221705794,SVD
1,7.634409755767735e-05,8.677259019258722e-06,8,0.0010688998736441135,1.1851213799144227,0.39697603895122663,2.771811697803259,0.49385777193397473,2.4674193043173887,SVD
1,0.0001137335241654205,2.2839827574517923e-05,5,0.0010800999589264393,1.170820430496887,0.39282772061562815,0.47980277820476314,1.8891873290877426,2.7193095705811547,SVD
1,0.0001644289079112363,5.681707102254317e-05,4,0.0006709999870508909,1.0297134079490222,0.38440707696415366,0.4756716794283218,1.5151973463318726,2.967791840169041,SVD
1,9.715142358042192e-05,1.4220409113860733e-05,12,0.0018191998824477196,1.2488899576946355,0.3965101541900677,1.0245568443454314,1.2384077999471614,2.5731895961705433,SVD
1,0.00015175058705358373,5.854936611357562e-06,10,0.0015406999737024307,1.4717775078586413,0.3907449075807744,0.05861758478042445,0.34843755113603514,2.264713160309124,SVD
1,0.00029807779156461664,4.17101495309734e-05,14,0.00316169997677207,1.289843354997533,0.39639506937303676,3.0367697158411042,1.1117849013827898,2.5807051293513474,SVD
1,0.0008067510335906387,1.576571925265666e-05,9,0.0014042998664081097,1.3588786879483936,0.3857987107082788,2.957717666711366,0.8447723950827544,2.188014577572762,SVD
1,0.00017231707835242682,4.067018597157553e-05,5,0.0007421998307108879,1.0932887929422745,0.38884338736609725,1.2124337749386322,1.5677612718869656,2.831275816452729,SVD
1,0.00014626869095101346,1.072738514064765e-05,5,0.0006674001924693584,1.257598017455999,0.3943081128388726,1.4797577392253833,0.12448800947328696,2.3423113863208753,SVD
1,0.0009528097547611004,0.0009890611759636899,3,0.00043550017289817333,1.2103227988748528,0.3942957657623224,0.3118549903103127,1.3577080965706294,2.6722908702047303,SVD
1,0.00034072981342279555,4.7637583775500445e-05,9,0.0017564999870955944,1.1350747879014702,0.39628315030760325,0.017888375921515817,3.0389933850245807,2.5874726068770175,SVD
1,0.0008789289913962008,3.723680127537928e-05,18,0.0023159999400377274,1.4374112023877552,0.39548271942426516,1.9485461990424653,0.6322179855378671,2.379126684604515,SVD
1,9.797134447063516e-05,3.086192567312621e-05,6,0.0012546000070869923,1.1795317206669584,0.3969706678238489,0.5183431002557599,2.7671601952658715,2.4666272094242756,SVD
1,0.00044487619165040185,5.121333837421625e-05,9,0.001572699984535575,1.1638788422857012,0.39694077632626534,1.2782412604959852,3.08853213038413,2.5344485760409143,SVD
1,0.0006733594613766266,0.0005563778516435961,4,0.0007917999755591154,1.0285910942200878,0.3864718479783283,1.7521357993037125,0.19663704865415488,2.8991227266056794,SVD
1,0.0005885900506457992,0.0001389545616526494,7,0.0009536999277770519,1.0470019561453245,0.38799533249245144,2.176163399775496,2.841356687049334,2.8548864406489365,SVD
1,0.00010337526645595628,2.0100579021254108e-05,7,0.0014864001423120499,1.12997802857636,0.3934263939087703,1.755308738647594,2.6567790466067294,2.700894234724,SVD
1,0.00013854539904419342,9.478646584526412e-05,6,0.0013738998677581549,1.090592408459642,0.39372059089600786,3.1218093006728687,2.939689685088258,2.691503362488737,SVD
1,0.0002841761146641436,3.037245677876207e-05,6,0.0008257001172751188,1.195464143966455,0.39691603978154727,2.304708595626085,0.5681830243911463,2.459504271181668,SVD
1,0.00013035251000051225,6.0696071518638325e-05,6,0.0007983001414686441,1.0735589394341716,0.3921132838641137,2.5110363278084438,2.9431726282088304,2.740365616908093,SVD
1,0.0001976067868050346,4.336560977135813e-05,7,0.0009169999975711107,1.0932235353674578,0.3931875559876972,2.6307848757854035,0.08259065274697175,2.708342137916256,SVD
1,0.00027923651300611825,6.001039968851353e-05,5,0.0006911999080330133,1.1073775023833308,0.3906199315434568,1.2548507032206244,1.9526884331853849,2.7824274920274057,SVD
1,0.0007014599782664094,0.0010347371494082787,79,0.021380600053817034,1.1246156400230007,0.39462841278165617,1.695478190528507,0.6835603313840215,2.660525137376057,QPSO
1,7.863513751903095e-05,1.0768959966450225e-05,11,0.0018221999052911997,1.3153403481727788,0.39692405426420824,0.5855589523351429,2.2484948978269044,2.5366332948103647,SVD
1,0.00022429976516780486,1.3832333397255821e-05,12,0.0015033998060971498,1.2496057364696864,0.3943862394292036,0.7800373361922399,0.6345683316502169,2.344472853038334,SVD
1,8.924716028070739e-05,1.5196558296234899e-05,6,0.000977399991825223,1.1891510745341167,0.3970358225139852,1.8062970625325043,2.5627857160466405,2.478330016913338,SVD
1,0.00032748190537025995,8.977102301590349e-05,10,0.0016365998890250921,1.0317296319274896,0.38497336548092165,1.5750395975031413,2.056360970460805,2.947337868474208,SVD
1,7.476489366866963e-05,6.643632296387573e-06,15,0.001860500080510974,1.2844381549227881,0.3961332244830247,0.29304196646389435,0.9097862015758533,2.4060466054465426,SVD
1,8.268938750379013e-05,1.73739991916369e-05,6,0.0012455000542104244,1.2732125275501998,0.38898522992094403,0.4578275470118483,2.660856776310416,2.2348685716379353,SVD
1,7.527754449931497e-05,3.07025898898553e-06,10,0.0013517001643776894,1.3860693037016174,0.3905572407023109,1.8405194668747038,3.021432504216276,2.2613489442792933,SVD
1,0.00019238667213303048,2.5598928357874212e-05,11,0.0015961001627147198,1.1878312659490882,0.3967999418315886,1.1062582326808919,0.7896277354781072,2.5501630087307774,SVD
1,9.766613909076332e-05,1.0193746545265477e-05,5,0.0010909000411629677,1.3370372565307098,0.39679265455774454,0.46623790950660826,1.9298417870450368,2.447028024063334,SVD
1,0.0006522866425621146,6.996148039705322e-05,11,0.002377999946475029,1.1498119287078794,0.3968730523874447,0.14826009225453518,2.938491449311967,2.5426663613260243,SVD
