converged,pos_err,ori_err,n_iters,time_s,mu,kappa,dq_1,dq_2,dq_3
1,0.0007247793630312726,0.0011948852145281749,56,0.00846300000557676,1.0737413268177285,0.15204831636780047,2.0097993580683866,1.8447226282900262,0.25291814615223895
1,0.000840630275581471,0.0004823006713921872,356,0.05176020000362769,1.8932204108374626,0.1714093601969793,3.061510816146771,1.0516170858492622,0.5289393843390231
1,0.0006196731125740861,0.00028935562138403937,135,0.020264899998437613,1.8901587020516448,0.1731225198432306,2.474619590841648,2.6184035593661656,0.547638841249114
1,0.0009454248194392445,0.0006687010921249622,66,0.010286100005032495,1.2793490945183372,0.14887059199450178,2.1052049188011894,1.8785561781018352,0.17503154441764532
1,0.0007767797842982237,0.00031876268012547205,151,0.023396300006425008,1.725535147888035,0.1962609048803801,3.013320472602936,2.5267669609119303,0.7667441020987424
1,0.0009801838864094935,0.0005960333104343218,65,0.010027299984358251,1.2601069879405358,0.186197613222425,2.408546843174002,1.032407197275325,0.677486861340867
1,0.0007629206730332561,0.0005833431330768211,120,0.01774519999162294,2.045335409642916,0.15166203960479216,0.12720339675536116,0.4023721880486817,0.24471201841439827
1,0.0002731245684251976,0.0003371444485186348,58,0.00896240002475679,1.8673722312254422,0.15693791163660284,0.6177519099023331,2.235512002886832,0.341200664739572
1,0.0009038350767608135,0.0014559844623874424,66,0.0098629999847617,1.8253890760019453,0.14710276833424946,2.186847550897564,2.3755642166873594,0.11114307106465926
1,0.0008940464702846024,0.000798925676330139,45,0.007998500019311905,1.3118205298073384,0.18165506404420897,0.330604526473115,1.6093048078371766,0.6345369695172716
1,0.000849540960980229,0.0009787772959724335,122,0.018289300001924857,1.8536359649706542,0.1459905657589678,2.8215654435836814,0.6608321710517431,0.03075225855177388
1,0.0006580874580341962,0.000429589644419014,204,0.030311299982713535,1.2318144440611678,0.16364874670081134,3.0586948115795085,1.6304790405222018,0.4366625660981205
1,0.0009930614013386766,0.0013653016947247373,53,0.008568999997805804,1.0743718441553922,0.15746886614763336,0.8491087547567808,1.653084544470785,0.349567860266891
1,0.0009108863569759839,0.0006712343808123444,56,0.008349399984581396,1.2976657075029308,0.1826934729964771,1.4624618719483387,1.508222191566343,0.6445289489476389
1,0.000969717447637286,0.001136811369881011,79,0.012216600007377565,2.327982410749305,0.1571038724831484,1.4743424143175456,0.237046177835305,0.34383531109267285
1,0.0009074160788417051,0.0003608948342985965,84,0.012850700004491955,1.8582798323000498,0.17885295100143528,0.8901736371469577,2.6002902873602673,0.6070009752355112
1,0.0008573005400617288,0.00039551262456270417,97,0.01462929998524487,2.1972065914575167,0.18989345837110352,0.9584933926966439,2.183291087725599,0.7111126977143307
1,0.0009004326553022136,0.000334851092200608,79,0.011792899982538074,1.9673025837264448,0.19392982900165304,0.8928943717212201,1.9581949465423278,0.7466852088196578
1,0.000571966341010546,0.003118665614320986,96,0.01445899999816902,1.9218598154269018,0.14600436536738068,1.0439304511467866,0.592724272172183,0.03296636093234717
1,0.0009688809287246691,0.0009839076696695624,125,0.019446500024059787,1.2729957437015615,0.1632734950453911,2.826631512094705,2.1072874946021627,0.4318022996837465
1,0.0006044371599605364,0.0008666806780983818,60,0.009086200007004663,1.7069740635641266,0.15787657100346525,0.24170043451161405,0.695403077867086,0.3558749624015065
1,0.00033031232323612095,8.800421325316448e-05,82,0.012277400004677474,2.0949829525462214,0.16312982964481484,0.5108891964902034,2.366225654210404,0.42992949524974655
1,0.0007633602954915746,0.00046848875717691755,37,0.0055222999944817275,1.5370850537494425,0.15293894126698973,0.428669175447181,0.8483167733147359,0.27095496562157084
1,0.0006375444423688809,0.0009245832450832546,514,0.07409229999757372,2.261419887588798,0.14916262101814826,1.1424302325803823,3.115737038486545,0.18350526453634686
1,0.0006094657848163703,0.0007958305890835349,56,0.008577399974456057,1.0998245379360925,0.1497325869141108,2.6032582294042292,1.266288319867905,0.1990438378444237
1,0.0007047309151506525,6.485137096730387e-05,86,0.013539200008381158,2.429763136419959,0.17409820435370757,0.9821063859719104,0.12610067334293174,0.558075105339333
1,0.00032843282515676364,0.0005276228151104887,48,0.007396000000881031,1.1157878545113709,0.15520285391626448,0.9848257919784675,1.2257570474085533,0.31248280421527497
1,0.0002998064370332072,0.0005869110602342451,76,0.011167499993462116,1.5673357025914114,0.14662247442690424,0.21162392585414302,2.257664733146876,0.08612590730864822
1,0.00027321013940179894,0.0004764034818950903,68,0.010316900006728247,1.912862740936436,0.15142452116303187,0.015633770806728453,2.3627006199523235,0.23953572910751753
1,0.0009397231504323681,0.001155220022846629,46,0.0070164999924600124,1.0859365140437462,0.15814329727887377,0.3204567267119232,1.2779677375040253,0.35994864186663156
1,0.0008227128524067449,0.0012864122947048803,204,0.029970800009323284,1.3255890533681103,0.15296166036208433,2.9605048952909305,1.2911442181888164,0.27140051801192433
1,0.0008981173065285324,0.0002781918782996278,612,0.08793520001927391,2.285313086364693,0.15423716237090773,1.6442034285862652,3.1297305032890925,0.29542109733321364
1,0.0008565950594066531,0.0008541019162980656,99,0.014777100004721433,1.8846827232452061,0.16170463682627798,2.890165744898452,0.5416814380405497,0.4109672049911395
1,0.0006410366006558535,0.00027781422568160283,37,0.005947500001639128,1.688391658989891,0.14899282578102163,0.6003420985028263,0.7518084428868574,0.1786255603457403
1,0.0007925347450423208,0.0005635342101825074,50,0.007977200002642348,1.5110190936831864,0.18160301967533757,0.24407067842618702,0.8013687720826735,0.634033282464388
1,0.0007133415818323829,0.0030667628773741826,32,0.0051229000091552734,1.0551951833610969,0.1459057952408619,0.13356666711692622,1.7354871064692312,0.008905322616094224
1,0.0005021756102033066,0.0005097710713455509,47,0.007570499990833923,1.345434740198929,0.16844632226872178,2.2309341249497026,0.9591042772857978,0.49532945578471604
1,0.000872137201720878,0.0003911523575855628,83,0.012335099978372455,2.114968728921358,0.1896424181121975,2.6987484837916114,1.030193606708945,0.7088622766478032
1,0.0007211188614519992,0.0006043826953747206,142,0.021675099997082725,1.1625245024963997,0.1812987249212746,2.865692843652951,1.2814399337884552,0.6310826590336971
1,0.0005534258979078493,0.0002840208895623723,70,0.011310999980196357,1.3078878968023389,0.15383500729241123,2.809272194720353,1.0307945965095078,0.28804597028911516
1,0.0008656049614203124,0.0008461823912578717,583,0.08363510001800023,2.344147110980144,0.15921688820911736,2.8012836442126625,3.0220670039826896,0.3759549621485938
1,0.0008869387089819183,0.0007719248544973041,186,0.027625500020803884,1.924446092283059,0.16446064001561747,3.0143875862797227,0.9512998072418913,0.44702841859811837
1,0.0009155027188827543,0.0011390400371703111,55,0.008879799977876246,1.22891935238541,0.15968590833731675,1.1414049092469005,1.0846564482910717,0.3827650762055397
1,0.0009679903794241295,0.00103982998001922,54,0.008672500000102445,1.1012248329216872,0.14808521618292558,1.3147318205217036,1.4276832993719015,0.14996835643461548
1,0.00034049875274526906,0.00016982773970303382,50,0.008152499998686835,1.784073373623491,0.1944232186323098,1.8262202432198658,1.325369836097677,0.7509589052528556
1,0.00041334651048158765,0.0002578587945431604,59,0.012046399991959333,1.934471987920437,0.19394289034111611,0.46887391325206673,0.4620436562763164,0.7467985444186547
1,0.0005869472493792072,0.0013444336409379656,133,0.02749239999684505,2.1625024327219413,0.14793836903759605,0.6260589547530357,0.39421828831994254,0.14481559611647477
1,0.00036770920093619306,2.695723633707427e-05,79,0.012756000010995194,1.6035354982438352,0.16634029437793763,0.19499024580715618,2.3851266444286883,0.470305143495914
1,0.00034479259060710187,0.0001215613615953599,69,0.010962800006382167,2.159892474342986,0.1803720986501042,2.2579262536266818,0.9071267731206181,0.6220369381769766
1,0.0008574674521284397,0.0011901387707517973,67,0.011460499983513728,1.4347391549476498,0.14753927644841153,1.7472152777131194,2.167596914933926,0.12980729605471497
1,0.0006438053094017215,0.0002468099751946862,88,0.01343219997943379,1.9300052375151338,0.16705151128468362,1.9613956459115913,0.49686418980575636,0.4788726437815911
1,0.0009304382233314394,0.0010182794648930802,74,0.012487699976190925,1.8595034654579534,0.1595122722106793,0.7897698213457232,0.94685647593891,0.38025616172139554
1,0.00048589786511595235,0.00040998893772770307,116,0.01787569999578409,1.5254702740201498,0.1760879645363429,2.7665892561934617,0.79885307093575,0.5789191456186877
1,0.00039811669719025524,0.0004226190959056609,130,0.020440699998289347,2.059813514990075,0.15941240512795282,0.5322879738931308,2.7603390064471762,0.37880667520839983
1,0.0008085335444703263,0.00035026507161315805,70,0.011324300023261458,2.0004340428270067,0.16490095049850198,0.3296713780354352,0.8893547787765512,0.45256830366743994
1,0.00025117514179210976,0.0010286508680091091,235,0.03619509999407455,1.0710606269389062,0.16043525776741452,2.9937972082440973,1.7743089965124885,0.3934346395455051
1,0.0007589543057979467,0.00029216824844607343,96,0.01406340001267381,1.832487472363395,0.14631689354784536,0.37274499363110625,0.7311357890206485,0.06545951459837251
1,0.0005246248770195123,0.0005793247978398238,107,0.017052200011676177,1.9787011659252747,0.14661995874578396,0.8976905863427351,2.6303115115728906,0.08597592165202794
1,0.0006999573832442484,0.0002805265733298265,78,0.011759900022298098,2.368084035165894,0.19246478259994457,1.3566532843501307,0.8000731511914481,0.7339023127474236
1,0.0009342603175461382,0.0005821293716524451,62,0.009630799992009997,1.3191873005350412,0.15121438899871784,0.10001866129658987,1.035098997663881,0.23486710120591378
1,0.0007980121719926911,0.0002013478360919486,500,0.07447150000371039,2.4596934514100948,0.18855433438890157,2.2607346667186032,3.0627488565927514,0.6990533480234458
1,0.0007016935855985301,0.0005701555579614383,70,0.011647599982097745,2.167588132598723,0.17065557334919726,1.1208256843524609,0.27396373476432956,0.5205495037814631
1,0.0002522292019195948,0.0003486413213956559,64,0.010656800004653633,1.0943561653567198,0.16034235069910555,2.4810404965410706,1.8752112398280658,0.39212529983362865
1,0.0009306083875736053,0.0011053604573216106,75,0.012144200009061024,2.089385616747912,0.15133582439863696,0.10735856549815281,0.35074042935139405,0.2375756214467346
1,0.0009153040286738626,0.00027505468752569995,54,0.008862399990903214,1.4388302936637,0.17541020657566994,1.241181734480845,0.8688630290368686,0.5718826037813409
1,0.0006086643361350793,0.0009552891337607357,83,0.012973999982932582,1.1556483287685797,0.14822736933311279,1.8279664800699722,1.9285968852571038,0.1547970580572211
1,0.0008329464890532089,0.00043752761482400686,118,0.017846300004748628,2.195079376016879,0.15536585852788895,0.39300344845654317,0.5259370969758717,0.3152802347021732
1,0.0002640821626219814,0.000837339805838311,139,0.021791100007249042,1.3274159389504365,0.14769884325143043,2.9338507719001505,2.0813598398716238,0.13600264129209982
1,0.0008348550846641142,0.0020238617393454517,39,0.006540200003655627,1.0204528516094162,0.1460229059661428,1.6313410912041906,1.6888392571219266,0.03572600882487009
1,0.0009227241368007772,0.000724481588203269,53,0.00852659999509342,1.5435785802414879,0.15008351339364218,1.392530448896166,1.0684409486955886,0.20805746718483942
1,0.00042736388837695966,0.00048345349007862667,188,0.02873140000156127,2.030689139646631,0.1519803602527972,2.546557661845542,2.4720677285342023,0.25149261569731296
1,0.0009085649589200899,0.0010681078558152268,60,0.009486100025242195,1.264864293458957,0.1936395657510225,0.3042884692839327,1.7751881112116692,0.7441637178379441
1,0.0005563368120833534,0.00040131671440202027,182,0.02795480002532713,2.52188174779431,0.1877140668998683,1.6488521995036276,0.4192790465212686,0.6914156513196077
1,0.0005026398186683356,0.0010349396306781312,209,0.03219520000857301,2.2048135322614555,0.14709720357109998,0.326929691048596,2.868868695601968,0.11088518544966552
1,0.0008017306858169581,0.000513412451124574,70,0.011212100012926385,1.8358689977427805,0.18635387966190894,0.6571581460731677,1.914506674877594,0.6789310514277211
1,0.0009871442344763454,0.00037959538699334307,302,0.04397810000227764,1.9170646526585085,0.16015529049003688,3.0421892274174827,2.6257352364605175,0.3894776549382164
1,0.0008656084235315403,0.0005001248121713824,199,0.029878700006520376,2.198066216542968,0.16325627970260403,1.3106238945425486,2.9132477568625226,0.4315782385257374
1,0.0006549316085032227,0.0002967194895787119,81,0.012548200000310317,1.656659087588214,0.15173640456933968,2.083343311883084,0.759128160333562,0.24631170072955788
1,6.972037568501504e-05,6.823325676815306e-06,155,0.02400349997333251,2.314097899646804,0.15607930405343373,2.522920289180754,0.2655975952826548,0.32727085434760106
1,0.0008857276547100274,0.000567237922102733,49,0.00855769999907352,1.7560909388366042,0.18428894507310742,0.9918696479898306,1.8706974240659273,0.6596750566820377
1,0.000934967903512787,0.0018669831028569489,39,0.006886100018164143,1.078071597918702,0.1582868829870666,1.3159644560283343,1.4816976748727582,0.3621250038523285
1,0.0008121664039339055,0.0018957162253733463,47,0.007374399981927127,1.049175956649256,0.15125703262794304,1.7410740744125728,1.5584447388367346,0.235821566919852
1,0.000718039553304143,0.00032242888422030666,477,0.0719167000206653,2.472572732073347,0.1903461240335464,0.14911791345462833,3.0455691140265646,0.7151588242141367
1,0.0007790103118463028,0.000546173265477163,194,0.02954449999378994,1.0308970222399698,0.1482972474310354,2.9361330321143697,1.5893204811364265,0.1571177073202028
1,0.0006230574016563032,0.0010343520074186188,49,0.008074100012890995,1.0459005417964955,0.15302098442821252,1.370564613555575,1.7784944012596888,0.2725607727454107
1,0.0004209175197703814,0.00015733167213822965,155,0.02342849998967722,1.8555745280364828,0.14828886813771192,2.8937345037058266,0.6124832139746132,0.15684119421367715
1,0.0007397434825722132,0.000308896039472128,89,0.014006000012159348,1.679789249637422,0.16009798891739274,0.7423075493176898,1.099829669231756,0.38866352355826583
1,0.0008566415764952472,0.0007970203275148489,47,0.007464199996320531,1.302918303664294,0.16975394573638095,1.2851107078870447,2.145960588337572,0.5103745072374779
1,0.0009566030741966501,0.0009842439476033093,78,0.012149400019552559,1.7250552921821805,0.16605196567760053,2.454617520060625,1.1302209018878906,0.4667959026031974
1,0.0006254600692943927,0.00022026206941405386,137,0.020852699992246926,2.255669463652731,0.155939385903026,1.761155627095685,0.43287227832160013,0.3249505660392167
1,0.0005683794061190772,0.0011260593807891025,42,0.006734900001902133,1.0159577702195852,0.14892755067856023,0.16473275959878464,1.6767429995054897,0.17671507141513929
1,0.00079396769553132,0.00043711261091508303,53,0.0079740000073798,1.7115640634560954,0.16801094908484893,1.2713520240728786,1.160646055743551,0.49023981096987956
1,0.00036915958317412296,0.0001946897826587874,60,0.009074400004465133,1.1575517245025941,0.1501543644121233,0.3238497256563951,1.9470596630081862,0.2098324307936137
1,0.0003880765353809952,0.00019671684053884446,331,0.04867380001815036,2.363217845017702,0.19296617461726173,2.460035031314421,3.069140876740023,0.7382929756138088
1,0.00022065074512919266,0.00022451347940125282,83,0.012510100001236424,2.3359694952685226,0.16325601111195245,0.29599576727968113,0.0015707920045189283,0.4315747419993418
1,0.0007550411563412983,0.00039703940967677863,181,0.027487699990160763,1.7946399073591126,0.1908262396115623,2.9862387334023284,1.2917589168424184,0.7194340417293179
1,0.0005867124615887228,0.0016416581078280688,673,0.09855139997671358,1.6437742578584373,0.14794128343968657,3.1153240193959153,0.9444218930116159,0.14491959924358744
1,0.0008211546190967993,0.00023122374295386305,97,0.015203500021016225,1.3915296023919566,0.19391470798435542,2.7790758408344924,0.8863081465636266,0.7465539873972754
1,0.0009720483045504839,0.00037154158816004966,71,0.011448099976405501,2.4500729518823716,0.19275688164232352,2.3520924229087976,0.047974359414134866,0.7364622467611945
1,0.000985783201837053,0.00037351077954435346,60,0.009402700001373887,1.263778251635161,0.14918126600154996,0.26410241161499876,1.2829219029998054,0.18403349804640842
1,0.000784815384662152,0.0009027787680933375,71,0.01089730000239797,1.189211948719265,0.1490502450510265,2.1464666979236595,1.3505326953214176,0.1802899672855043
1,0.0005471220435244405,0.0005020012061504099,97,0.014855200017336756,1.8118663336520269,0.16621099190501917,2.8159752386637837,2.546717670319599,0.4687340276430465
1,0.0008557223218961836,0.0005188467814074355,631,0.09071170000243,2.330533588169611,0.15881936357600498,0.1017355616036375,3.083116105375071,0.3700983664856219
0,9.45078913386207e-09,0.9999999999999999,1000,0.14293319999706,2.1792412671494046,0.14747751290958128,0.8969606627330733,0.21907774474954245,0.1273299682764022
1,0.0008901918942308716,0.00023309375422637604,244,0.035643499984871596,2.558959952247517,0.19530664689233135,0.48189947942798206,2.7183454808516196,0.7585730060615772
1,0.0008838490014793825,0.0013399273837271489,56,0.008784100005868822,1.7744254754311073,0.15253594709429805,1.384325780334148,0.6580746787743998,0.26293586514833756
1,0.0007208778625321481,0.00039531692058417724,105,0.016121799999382347,1.8774603004360384,0.16048903504806059,0.8539778507193146,2.591922072568669,0.3941908256411861
1,0.0008115493288975661,0.0004122916250967674,65,0.010881800000788644,1.4766560280463412,0.14846137001973042,0.8512512002340644,2.0506172134082394,0.16244140621789382
1,0.0007964553445873903,0.00035557774055873276,56,0.0091963000013493,1.2711410319346512,0.19478548582132382,1.2926892369598217,1.3647714099358632,0.7540870703394633
1,0.0007087673901019342,0.0003010237453277892,164,0.024995400017360225,2.1575388614334594,0.14623582008730548,2.911851133056097,2.8672116722739616,0.05877707607175919
1,0.0003271104057797502,0.000654488240991654,73,0.01131960001657717,1.0585610033000252,0.14595370004969138,0.03954225835714142,1.3848380982813326,0.02385084369562529
1,0.0009786554440228106,0.0008011757332836119,61,0.00947489999816753,1.1601651266854354,0.16238712272069977,0.9143843119358319,1.98285535930812,0.42013711991272373
1,0.0007293652507191367,0.0004901523794495942,72,0.011255399993387982,1.362430794130659,0.17784053332362978,0.14223945553075135,0.9305414146158917,0.5968302484803321
1,0.00077304427105257,0.0010313237359799395,85,0.012948199990205467,1.74630884200356,0.15809878405514405,1.696541786774084,2.478356460103891,0.3592716067427051
1,0.0009755168458673815,0.0011058023142931823,66,0.010236600006464869,1.461393554864979,0.14591322609033786,0.5057396739117861,1.0026939563593857,0.012459314695071111
1,0.0008392369676700024,0.0002962566337732733,79,0.012507900013588369,1.8808059095534868,0.1893360139155167,1.0571697634840476,1.2158738158035458,0.7061091763354277
1,0.0004538526017811385,0.0003419378015677538,91,0.014313099993159994,1.8319677442956124,0.1790006939785933,1.3862333816573473,0.561411475404535,0.6084749308584736
1,0.0008684967061282024,0.0014429858289439629,187,0.027995900018140674,2.0775482898952538,0.14969293266268038,1.396072333352089,2.574752956582902,0.19800066779075864
1,0.0007820943201642758,0.0007256200869665192,77,0.01215799999772571,1.477794300912912,0.174431931282781,1.9516971730409916,0.8390594257960209,0.5616112401816733
1,0.0008267471195340833,0.00040948591818609005,82,0.012950100004673004,1.9883060848407796,0.1679032442949891,0.9272900255891069,2.206806398913508,0.4889742416825271
1,0.0008401113717070187,0.0005028871902968784,78,0.01194019999820739,2.5007258376812618,0.18264053616637324,1.5335326066220762,0.3499472207306371,0.6440221909555603
1,0.0006298384434780293,0.00013477291056585675,78,0.01270319998729974,1.3124283542577784,0.18211807448336872,0.3933715972150287,1.6128180076157859,0.6390057271920431
1,0.0008554966928225224,0.0007017271681424601,93,0.01437749998876825,1.532942839680976,0.14924565286067623,1.958666312714067,2.265888987245713,0.1858465336187987
1,0.0005153550035699574,0.0005291740849172799,84,0.01304560000426136,1.2156234083217392,0.1789153566313674,2.7892129887270216,1.6963731811784353,0.6076238774960476
1,0.0004162327326425785,0.0002986034189299574,100,0.015166900004260242,2.1836374919567745,0.15708784651080937,0.254916303023061,0.5760510374447696,0.3435816762518642
1,0.0006616646502547169,0.0004213513356862243,159,0.02420630000415258,2.3891824317516934,0.17737395646455761,2.9617826190282455,0.5899304391089109,0.5921005635899492
1,0.0009653982744378322,0.0012091295746982764,61,0.009681199997430667,1.416627997940698,0.15517560844809816,2.5172743201311314,1.895302774268901,0.31201302358012617
1,0.0008973499163059689,0.0002085051171317025,58,0.009105000004637986,1.589447120214759,0.1481577747824577,1.8722325628326955,0.8412106644545299,0.1524516665155513
1,0.0009788123430703314,0.0016028185664957104,121,0.018272100016474724,1.7762035441889086,0.14860473599561852,2.2416577450491895,2.460830806719221,0.16695689043014506
1,0.0009624814872527983,0.0006858631909318371,156,0.02352339998469688,2.270746655559665,0.17017404235007724,0.1780367769670681,2.4751633369052115,0.5151347834906392
1,0.0008391678471452954,0.0006267911583039203,249,0.037227299995720387,2.197502963006062,0.14601142167830153,0.1574235560998214,2.9476118472928654,0.034042990026686766
1,0.0007807978277412618,0.00013813849431311854,82,0.012414100026944652,1.547284504690522,0.15155478576692577,0.34039771294449084,0.8476893331229882,0.24238744979291926
1,0.0006923659619795084,0.0026711793137940395,57,0.00895479999599047,1.2773295884544384,0.1459656289702697,1.8855536673809883,1.1493685878893,0.026282892120976342
1,0.0006875945473593041,0.0009388755527772738,678,0.09710810001706704,1.269775085943877,0.14729825127146837,3.1294096743525905,2.025518481917304,0.11985554335194282
1,0.0002327817332828017,0.0006137370635453797,373,0.05396249998011626,2.242268218313989,0.1490364457308395,2.4926027993512543,3.0754198922708484,0.1798913237230675
1,0.0008851331667337498,0.00041938735220734886,65,0.010025499999755993,1.5542714234730377,0.19509816505737212,1.1576467065133336,0.7467400953535251,0.7567804874205049
1,0.0006075106634699809,0.00046032300760473835,64,0.010470800014445558,1.1339788480273907,0.14599038479610518,0.8757585016619664,1.2853475380751616,0.03072216492655233
1,0.0009738449081607475,0.0005020856267201491,115,0.017809199984185398,2.0063127074753977,0.14669028914148904,2.0692244565086737,0.4788322601101056,0.09007577435846814
1,0.0005800569026529074,0.00043271024953295403,82,0.012695200013695285,2.401869854580465,0.17285723229255864,0.12603405493798148,0.06134577398811292,0.5447752020160674
1,0.0008189166714738944,0.0005250186215801579,63,0.010501800017664209,1.4718436789351963,0.1604571970686173,0.2586242298562045,1.2663833159078723,0.39374328743441245
1,0.0009013115516484247,0.00012956456472004344,92,0.014262999990023673,2.107078011085476,0.17592831594863564,0.8615350895332243,0.33538464127525014,0.5772673660294725
1,0.0005634864680887497,0.0002360117017390812,100,0.015476300002774224,2.103755461539332,0.15167657649575353,0.35274022123159954,0.5773416376545693,0.24502549371972113
1,0.0003799094777039905,0.000381215782856651,90,0.013500699977157637,2.204933923142403,0.15390355072065692,1.3257697759407874,0.4787122445422236,0.28931511911756586
1,0.0009312309214979382,0.0016067638914158493,87,0.012862600007792935,1.9241848785349545,0.14602697337110604,0.08396136654926913,0.625163140215736,0.03630340604529447
1,0.0007792243735676835,0.0006663413420830895,82,0.012102899985620752,2.079116773041515,0.14648443167294956,2.561173715809442,0.3922316055107338,0.07747133216616664
1,0.00046279803525194307,0.0004701447526572927,61,0.009576700016623363,1.0872829997954827,0.15073813640416295,0.5177569747051507,1.8627803084968155,0.223947498678327
1,0.000778275740409464,0.0005416705468486637,117,0.018072100006975234,2.2092315028584353,0.16988063202977477,2.3934974162119023,2.4027822310046223,0.5118136684781374
1,0.0008342201776421508,0.0008576171132676646,127,0.018876299989642575,1.0834637131423568,0.15882453970080226,2.753511768689439,1.8552506964899091,0.37017514024256387
1,0.0002618915764472748,0.00018331499306713597,104,0.015237700019497424,1.5617212991384688,0.18067709411112795,1.3882110940266001,1.753160900628486,0.625024518989453
1,0.0006303427392972689,0.0004771591193031711,51,0.00783469999441877,1.1710127934671388,0.16722386372159093,1.0382825398140056,1.1439607338710065,0.48093039848811836
1,0.000956100698279154,0.00029428410437498366,133,0.020087099983356893,2.345981935986864,0.1666642186519169,1.1979637955112794,2.6578306188617704,0.4742226285675408
1,0.00028769348368580815,0.00046007515535075825,56,0.00863629998639226,1.2196194873494555,0.18366929625849537,0.7734738081747197,1.3991536715566,0.6538214205721116
1,0.0004657516899130438,0.00018078573792423323,258,0.03825159999541938,2.2998363371033537,0.17811721672543018,1.909240778594303,3.0096185538143283,0.5996221758905551
1,0.0008076262830387133,0.00043682708850187546,65,0.01013870001770556,1.263783800613083,0.17571733249738414,2.454347209341364,2.1124935294939835,0.5750790935395758
1,0.0007998901778635033,0.0004907056668238249,143,0.021456899994518608,1.9352997031552317,0.15037903096697475,2.910152204752488,2.403997161843959,0.2153686402681929
1,0.0008902951685630377,0.0004831525863392732,49,0.007955000008223578,1.459173414701815,0.15863851621693972,1.237204321207754,1.2553758452966264,0.36740724619765075
1,0.0008885743591826241,0.0014089302288279879,66,0.010033900005510077,1.0406274580875976,0.14602304100335325,1.8640330473379383,1.6961983619155692,0.03574532778364148
1,0.0005499666001665349,0.0007167055361828077,162,0.023958199977641925,2.2789742870540444,0.158434471928819,2.0713006727975283,2.6970896351081244,0.3643502117456685
1,0.000934060504355157,0.0005616651560403127,65,0.01021569999284111,1.5234970689194198,0.1701756141135065,1.2934257127675113,0.810690229642237,0.5151525294371493
1,0.0009695749542617518,0.0007210177380506148,140,0.02113350000581704,1.5664181922163487,0.160786966516951,2.8684671275528952,2.343846099541828,0.39835797673774875
1,0.0007088617156113898,0.00028752823156441034,440,0.06464799999957904,1.4902755948281126,0.1934409309190122,3.1150140839989335,1.5430381897964995,0.7424350613810291
1,0.0008100372315568426,0.0008027910084241451,58,0.008926299982704222,1.2355842239025339,0.17606719047314817,0.4129865094284866,1.061350019895567,0.5787044066600693
1,0.0005534356144377769,0.0007191851803661816,105,0.01533900000504218,2.2661574372606146,0.14944890660309793,2.317045386127546,0.05236077558870722,0.19146145759545163
1,0.00040917968620700156,0.0005464603281532766,59,0.009325399994850159,1.3416546632442898,0.15053220483708168,1.3406288337399448,1.9018646588879127,0.21906685064875211
1,0.0003862153812754925,0.0019671745370529346,40,0.006282399990595877,1.0764841197191908,0.14647606177638597,1.604137389077606,1.4129043572512823,0.07691551428303577
1,0.0006924204106966008,0.0005273536758852524,654,0.09324119999655522,2.2606779876051983,0.14883010316555872,2.931460124705995,3.010834902194391,0.1738252395981612
1,0.0009017601748306384,0.00023789159809968128,368,0.054335499997250736,2.2384991506103438,0.15162357258557355,2.633844515583201,3.032850701790079,0.24388069056533013
1,0.0009734702391007504,0.00036672293855709586,282,0.0413274000165984,2.3390786728156545,0.1619223927521583,2.805821245209725,2.7555044305900664,0.4139115235310839
1,0.00042100135319777165,0.00012259440952192596,94,0.014583300013327971,2.424144711589959,0.17539959877107017,1.4410367514112332,0.47956418361462605,0.5717719641384402
1,0.0009192610766073742,0.0003808367338973386,74,0.011484700022265315,1.315503675204448,0.17034266285740027,1.3715562800612289,0.9830756863131679,0.5170358898417984
1,0.00041039427141037303,0.00019846488857219047,91,0.013797999999951571,1.8431909146224847,0.18121341560561935,2.6478826082965137,0.5497982693411436,0.6302537058186887
1,0.0007977887236686236,0.0007176164707914005,72,0.011381499993149191,1.2751068446972738,0.1797321009414715,0.03641959667114758,2.1268492026468806,0.6157344525532746
1,0.0006302030990459864,0.0002022334873690448,75,0.011598899989621714,2.290405922754225,0.15227961132064727,0.6507866627056025,0.1739096214844786,0.2577149483518868
1,0.0008648758913512237,0.0006441661316681423,56,0.008578899985877797,1.3925823251985388,0.18784008191597978,1.2434462722369481,0.8917605701747008,0.6925646471428011
1,0.0006287109974647178,0.0002574059591154209,88,0.013167899975087494,1.7115732274394224,0.17270264312768122,0.9662684339079233,1.2057053455265947,0.5431012207111294
1,0.0002501487709515679,0.0005029866514535711,85,0.01269430000684224,2.2739926550789953,0.1509754930435061,0.08874989430607139,0.026161210406902672,0.2294509628945436
1,0.0009342945548065912,0.0007969950549055788,62,0.009445500007132068,1.4719019028406772,0.17800567578372264,0.2151750903011873,1.4365212846085091,0.5984977856872469
1,0.0007480399892523184,0.000824399039215981,47,0.007439799985149875,1.2699068509551943,0.15363408370525775,2.2250270082032753,1.3496208227448103,0.28429582778715723
1,0.0009600357705657115,0.002795688719652734,91,0.013522100023692474,1.6935564960299543,0.1478141219047419,2.285959610135386,0.7597845706784153,0.14031171900822462
1,0.0008906224614876017,0.0022776525749325285,52,0.008081700012553483,1.0144767882028305,0.14592899851557511,0.9404253240026184,1.6647042880048355,0.01778794390085503
1,0.0009749797420394436,0.00026273311174275813,56,0.008402799983741716,1.905232103291256,0.14597135842910838,0.22143609504173245,0.639466887498271,0.027374354623598943
1,0.0008454307303914354,0.00014560669461820172,149,0.021787900011986494,2.2080011406965974,0.16200367261627566,2.738358344171809,2.514145216013379,0.4150060159710178
1,0.0007371843950095094,0.0005314907253273014,67,0.010502799996174872,1.1633122169526284,0.18046631783145967,0.9007793857649364,1.2077821209238078,0.6229609454394446
1,0.0008186120892449587,0.0006859703174269778,102,0.015598199999658391,1.6694640748131129,0.16727465697398847,2.6665513200736326,2.4375041885299153,0.48153548936959156
1,0.00024364144980586062,0.00019274946731312546,53,0.008018100023036823,1.1596465052320886,0.16540336253135324,0.7248620149044651,1.5233776574401832,0.4588226521520861
1,0.00046611011418744796,0.0005674882743090374,72,0.011180000001331791,1.2884339055163545,0.14589805026616068,1.9147499411830982,1.152687183375308,0.000410792555002093
1,0.0006441109931163448,0.0005735811547810193,106,0.01584430001094006,2.214409586829558,0.14868443628339542,2.5577656872564964,0.31294292878015956,0.16941666527335195
1,0.0008263467475160633,0.00039307795025018684,161,0.024000900011742488,2.0479276854525,0.14630195397459264,0.7930586551131444,2.7038816938509598,0.06428013076911432
1,0.0009572920510159209,0.00047714568498003244,146,0.022228899993933737,2.119121006142229,0.1611952550799119,0.31377695079798107,2.82312042915454,0.40400920900651993
1,0.0008135920098648445,0.001067883324066422,75,0.011373699991963804,2.0315105708117156,0.1602531322818417,2.556016829106177,0.40958835815465505,0.3908644183050103
1,0.0009113414050498243,0.00017053601875172873,659,0.09418770001502708,2.3614878149669773,0.1712930150338555,1.2945171465941694,3.1282139298844953,0.5276511390291052
1,0.0002977491893546021,0.0003077167800022571,63,0.009692099993117154,1.1182732577217867,0.1489348284008055,0.6181603849003463,1.4254941793777949,0.17692906406146805
1,0.0009085798247672395,0.00020551826457054946,79,0.012003599986201152,1.6473179148490058,0.1869820359842473,2.819342673889002,2.4532022713772577,0.6847156214823942
1,0.0005614752020107689,0.0014327896410427552,149,0.022447099996497855,1.2913478395434619,0.1485075534744209,2.812545449317218,2.060346430062477,0.16390918472856741
1,0.00019120611999118206,0.0003165320653238126,45,0.007280999998329207,1.1485398018773805,0.16991749039841322,1.601198487303102,1.1839246431961863,0.5122317889729171
1,0.0005630896037354508,0.001160629110376486,76,0.012154399999417365,1.4874262850493467,0.14616755006684196,1.8497914503465782,2.1786451669459197,0.05249719336996118
1,0.0006032317746739613,0.00041515961099977656,64,0.009954499982995912,1.1535622223548672,0.1682891726648038,2.683155685046766,1.6650239026431528,0.4934971197093736
1,0.0009926780749787908,0.0011048422011884088,63,0.009819099999731407,1.1674103964963525,0.17889370821621872,2.031965219466393,1.7867314515006796,0.6074078456957936
1,0.0009787596532051218,0.00029617129061085013,88,0.013545299996621907,2.3182998940972217,0.16552030858239863,0.3022149943898964,2.6248628596925263,0.4602685356471081
1,0.0007653268863073919,0.0004522550269818822,92,0.013513100013369694,1.7935499220469613,0.14590385405083198,0.8021077797945453,2.414322582856093,0.0077116721907808375
1,0.0009723394445174869,0.0019398271936045446,59,0.010019000008469447,1.3523063377051563,0.1487964395249285,0.16631683644551562,2.1152141463220184,0.17281608518371305
1,0.0007889788413716402,0.00040992419119406843,103,0.015656999981729314,2.331734421105313,0.1906379747578034,0.16980355979619022,0.826074361375312,0.7177596039607085
1,0.0009852800987263113,0.00013835118429160966,453,0.06694509999942966,2.5191110935311665,0.1884185514867167,0.8858577507651768,2.9005991891745424,0.6978229009525059
1,0.0006757713831453316,0.000895941793526514,97,0.014368000003742054,1.9345841231398668,0.14963756129925376,0.01653654169984797,0.5267794257565104,0.19653516705820584
1,0.0008413673178175021,0.0004018781334658648,106,0.015864000015426427,1.826064446473917,0.1547713761112269,0.5891225911507432,2.2305654157841035,0.30496641255321233
1,0.0008138598499964106,8.024358179445216e-05,186,0.027569300000322983,2.471262249632279,0.17925391078415237,0.5347919634006861,2.7268400184810755,0.6109952019535463
1,0.0007167366062316023,0.0007469720266612792,68,0.010499900003196672,1.0717042174716505,0.16057969501185654,0.5934102155791394,1.7628243699540374,0.39546284150523103
1,0.0008856920717411895,0.001685704841848657,46,0.007366700010607019,1.1538115978747912,0.17716315290665535,0.8737177961666553,1.2083651601909988,0.5899546115503704
1,0.0008911881922710662,0.0003669716165331022,68,0.012061999994330108,1.3896208683137397,0.17149469634310913,1.4014236816565067,1.4458953736318256,0.529882748164308
1,0.0006456144831737432,8.545926850993772e-05,99,0.019596300000557676,2.061557380724319,0.15201984544509733,1.6262107008012041,0.635512087632534,0.25232181983131863
1,0.0009280893336531728,0.00040690002940431196,73,0.011220999993383884,2.0251831597181997,0.15645735605658262,1.160917872914495,0.751525378373262,0.3334680099572118
1,0.0005409390844916607,0.00023676240903279603,111,0.01670789998024702,2.128271840409563,0.14704603198209804,2.8604117415682904,0.4203815623919392,0.10848542644367587
1,0.0007617789841101996,0.0002788968512633942,105,0.015923500002827495,2.243699670151339,0.14834470691643253,0.780306250929915,0.047208867701870716,0.15867500533348355
1,0.0003869093806034105,0.0005871924236297757,47,0.007517799997003749,1.100735415286456,0.15396534767899103,2.4526761816984006,1.5402352165863498,0.2904550042878453
1,0.000968831093561318,0.0005853440903331217,519,0.07500849998905323,2.3262220266079634,0.1565820610904872,2.6917586970497602,3.01436329632841,0.33548984051233605
1,0.0008374913823889782,0.0015855077951463933,104,0.015578299993649125,1.4560804857366454,0.14598879237445264,2.882520631841892,2.1431959101940263,0.03045606889422814
1,0.0009161717343647791,0.0009331313716800355,62,0.009291499998653308,1.1894907851600898,0.1519448805110604,0.7630596175673365,1.401169556148239,0.2507453451231263
1,0.0006368551708248778,0.000442925063501668,72,0.011366000020643696,2.189767870709779,0.17644649835953738,0.2216767623822884,0.8372009313401829,0.5826160783520802
1,0.000993553087146944,0.0002604395495725684,116,0.01796869997633621,2.136194185589638,0.17733838799746043,1.528179740013691,2.8337537913564783,0.5917388792358165
1,0.0007710173043282073,0.00025154310112093336,137,0.020792199997231364,2.1855923694071473,0.15425864348041968,1.317656381556524,2.6241583020313843,0.29581031837581184
1,0.00037197058174581114,0.00011255675981339589,78,0.012029800011077896,1.6377767591705288,0.14616019217214318,0.39756691998008975,2.3007921637432647,0.05177508072745818
1,0.0005521351858039395,0.0005608976540798414,132,0.01999430000432767,1.1214536395471835,0.14695803298240995,2.747053003716762,1.268670474961385,0.10423122603902701
1,0.0009459712621721682,0.0028005803302258068,146,0.02201650000642985,2.0770016459741942,0.14667228401498947,0.3071006468726081,2.7501167886791773,0.08904400120794653
1,0.0007773081593766822,0.0012406799650019936,54,0.0084451999864541,1.042488501617789,0.1510214392103019,0.5723698757917401,1.7774299277512287,0.23050194883516095
1,0.0009448877486928596,0.0007880377773764954,52,0.008023500005947426,1.7463082781750983,0.17474473429991774,1.4803488617596017,1.1978882573722176,0.5649106205423022
1,0.000602230264519003,0.0005644420737433397,60,0.0095621999935247,1.2484122407029623,0.16302441769151815,0.554129067016432,1.0586156253963566,0.4285510349863108
1,0.0008429289301280523,0.0005117241469452363,108,0.016755099990405142,2.046216402845027,0.148688838625411,0.8807632235636866,2.5605866125517087,0.16955152640293927
1,0.0006048411528374936,0.0008059476539976798,77,0.011812100012321025,1.3914506573222059,0.1459433901456771,1.2044348261512439,2.086285525452764,0.02152882253267796
1,0.0009951216189669368,0.0003550487358154311,75,0.012722300016321242,2.2762179651038674,0.15471247750727082,2.0544808736972726,0.047248184047564035,0.3039273668662834
1,0.000398085322148725,0.003389302287710684,383,0.05606809997698292,2.23907528666571,0.14623284940110193,0.6356912784589719,3.105115875552994,0.058517791360172655
1,0.0007918987928014675,0.0002044150054440507,63,0.009562099992763251,1.5189198330019387,0.18956790577220872,0.7931436959488747,1.49128954049942,0.7081934166258437
1,0.0008576325261970662,0.000591970628002575,253,0.03792649999377318,2.4039486335669475,0.1679276861319938,2.2488950667216945,2.989133419799101,0.4892616696938976
1,0.000708550801808512,0.0007846629330898613,99,0.015667700004996732,1.5510250527714653,0.1636435928772492,2.296105893695751,2.338864405225145,0.4365961172417707
1,0.0007574472258250997,0.0015175240382435565,53,0.008274199994048104,1.0610755688631435,0.15121878435822836,0.7017442625896555,1.584978462572872,0.2349656484328504
1,0.0007740121676882163,0.0005801089924496776,82,0.012296700006118044,1.2898259297500345,0.1789828145697724,2.084840096969131,1.6076098513717372,0.6082966936992968
1,0.0007464341717057805,0.0005701574445279313,177,0.02579309997963719,2.1301748038658443,0.15012301990021595,2.3932894182432083,0.2976518008918716,0.20904895738848817
1,0.0006114465104778491,0.000709691117753431,77,0.011682200012728572,1.964612824542513,0.1459225031298399,1.5832448564731503,2.570234948775583,0.015812451293332416
1,0.0008475372515494415,0.0004414054139350704,77,0.01168249998590909,1.5757704635882226,0.1775632819392743,2.58129832243641,2.3839237053670796,0.5940230540730251
0,0.007478104286673314,0.0018297173907618287,1000,0.14553079998586327,2.2361347190964103,0.1459088007617359,3.051606382003783,3.130399755384616,0.01048881898168963
1,0.0009990332871610802,0.0003390158099351333,57,0.008689299982506782,1.5011796520432872,0.18493189040815858,0.5565451529025984,1.4698346834116465,0.665711312557812
1,0.0006359944580537509,0.0008754326342306396,77,0.011792500008596107,1.5392923921527049,0.14598342982036477,1.9427866046253155,2.2101192490763646,0.029542376301408435
1,0.0007333460079201433,0.00025944264832940186,139,0.020955100015271455,2.4698069888430583,0.18760321969505078,2.834583822259572,2.5551538920087626,0.6904039003604785
1,0.000878995369041068,3.298487015428291e-05,691,0.10379309998825192,1.2526426813059581,0.1918568271274321,3.131298387963941,2.093743523255023,0.7285557506229017
1,0.0009866120896046004,0.0007292483380500258,149,0.022881299984874204,2.3469636230029765,0.1924168616712167,1.054973716382622,2.316609082805326,0.7334817905092459
1,0.0004760853783901222,9.995182263204144e-05,115,0.017325199994957075,2.186613662268988,0.1836807782830434,2.136383567763719,2.2285275343035424,0.6539302157389119
1,0.0006198384130886143,0.00031755740428745204,110,0.01667519999318756,2.011909609490367,0.18462510553007697,2.584692582862611,0.41261567166632274,0.6628357747460831
1,0.0008502185618330543,0.00042813837007573855,188,0.02776970001286827,2.3744860424368683,0.19055044618718975,1.8513631478220107,2.3682786346728744,0.716980253401263
1,0.0006181955999823475,0.0005656414515721636,77,0.011688699974911287,2.235900097793439,0.1597534592742551,1.0538794181374955,0.16479048935024476,0.38373732158364104
1,0.0009772577582499908,0.0017635221358428637,39,0.006573100021341816,1.1298988467194053,0.17081107722964528,1.0508677060125384,1.9092419270937748,0.5222888161322397
1,0.000682462144464664,0.00025023259464879345,81,0.012504300015280023,2.095781509600994,0.16932135443145502,0.5341840899515238,0.34620468237245916,0.5054361757630255
1,0.0009816585417836946,0.0005713284235142523,56,0.008727799984626472,1.2495887092694364,0.1518851142198753,2.1164205445007447,1.7994778360956794,0.24948182973962174
1,0.0009577117329662847,0.000785268682526758,131,0.01942230001441203,2.4770457374012524,0.18047480619294304,0.13357124461722192,0.4255786197798459,0.6230441430426739
1,0.0009977726092477732,0.00038444347085510566,83,0.013041900005191565,1.6564633339574537,0.19435945713671185,2.516879112936026,1.4200052421158231,0.7504074757020924
1,0.0007847767971241447,0.0010604755953339655,43,0.0066448000143282115,1.236023598725876,0.19530782376726039,1.3865434527733065,1.2952721465470605,0.7585831172396426
1,0.0008997487704210607,0.0006485323777776742,329,0.04948700001114048,2.2731577726245984,0.15019549301669494,0.40267624697124393,2.999512749083351,0.21085625655975404
1,0.0007327434095313,0.0002737964490527756,105,0.01634940001531504,2.13067510063779,0.14664736491377975,2.8122600479410327,0.3129991785367148,0.08759616239901025
1,0.0007462451015462109,0.0004087459396809486,59,0.008906899980502203,1.592724971177853,0.16299524541482496,0.7432452266108087,1.2001346936422852,0.4281689004955105
1,0.0009606181753869843,0.00031867684725039294,197,0.02978029998484999,2.2452698719098727,0.16832967636797588,2.8580591020453574,2.4676496713739917,0.493969899375311
1,0.0008037379427140093,0.00017567607652865704,107,0.01617149999947287,2.5063133381063776,0.18768264097142526,2.9178884849112285,0.20024402651691856,0.6911289135287717
1,0.0008229068598818534,0.0006132101889160951,112,0.017069900000933558,1.7376668570258795,0.16684464844489327,1.6587097134770907,2.489362263622466,0.47639347927035125
1,0.000958251232984469,0.00044499858743808705,83,0.012961600004928187,2.016228156044057,0.17690825393924076,1.5243476909985825,0.4156598501019597,0.5873521403178334
1,0.0007248042243954272,0.00016892377178208038,152,0.02259180002147332,1.7831341176760138,0.1604656187055402,2.8573683987382843,2.513568060167064,0.393861710410846
1,0.0008965730491313728,0.0009538069461022143,90,0.013521699991542846,2.075824996197696,0.14784910758064632,2.597799589312412,0.5214645330800192,0.14159408924868133
1,0.000569230905865997,0.00014503056862061862,100,0.015110999986063689,2.2697178612294127,0.18230334204614504,0.5101321354521473,0.8137122601367932,0.6407877257560108
1,0.0008541413634223241,0.00038585489459728745,86,0.013959100004285574,2.5024867590700253,0.18291379472472322,1.3500459654829884,0.3448654473456032,0.6466350936566228
1,0.0004976531389092246,0.00023742148698751027,364,0.052808000007644296,2.184513497984313,0.14692678405316534,2.633680719132003,2.82858551950181,0.1026786777057227
1,0.0008352769937169857,0.002311513566515162,78,0.011862499988637865,1.461779813280045,0.14590423196279878,2.593738373006077,1.004584433506742,0.007958098796354118
1,0.000913429405239482,0.0004394476420155779,97,0.01425589999416843,2.3105842387120954,0.1731395406648184,1.53144851702573,0.10517141130142749,0.5478221850346601
1,0.0006240696670566878,0.0010215179222753256,82,0.01217869998072274,1.5693933253724095,0.1463440512637763,0.37788960946160666,0.9575633577204306,0.06755097868557103
1,0.0005883245543695177,0.000782347616475286,58,0.009047200001077726,1.2850233691101698,0.15206332444617393,0.00637414364702904,1.8286609185956306,0.2532319646562846
1,0.0004886961876009094,0.0005049914074414653,333,0.04944599998998456,2.116454936112678,0.15240952593958512,2.9847865743210384,2.565443434900001,0.2603731370830103
1,0.0008144273404216872,0.0007718977275335854,65,0.009990299993660301,1.2837097753794493,0.17613177309358047,0.6758643572473879,2.1339049573439643,0.5793717971305474
1,0.0005196833446974632,0.0007556020239171871,63,0.009831599978497252,2.257435208102025,0.1502390737328196,1.2315291904846002,0.03233408172826424,0.2119359846021429
1,0.0009848493930203765,0.00010704029598881807,181,0.02762169999186881,2.015866911553557,0.15636451947495825,2.7654322026608655,2.7139911006017616,0.3319557525049177
1,0.0006647419097984673,0.00023103074441463883,65,0.00994459999492392,1.907528776385166,0.16478066632005112,0.20266333535469538,0.518333183369653,0.45106044522931343
1,0.0009543146256528316,0.0008428070920292626,85,0.012956200022017583,1.3811848909690916,0.16970491173731958,2.5837388142382864,1.7056295134726547,0.5098166289069663
1,0.0006603210222496875,0.0013011434727049033,54,0.00848660001065582,1.8058202418223446,0.1477512049378113,0.8176452198434898,0.663574230030139,0.13797622962920641
1,0.000790425237496389,0.001170527356760352,29,0.004505000018980354,1.1785773610863017,0.14727933838400334,1.7292610935497166,1.8207579497939603,0.11904006231563846
1,0.0008156109187226567,0.00030666361148714953,84,0.012628600001335144,1.947920878390421,0.1804511523312722,2.2808125365614162,1.0916064559155165,0.6228122830870615
1,0.0009518055462230684,0.0011069604323550356,59,0.008801699994364753,1.1436097907590348,0.17546336570106066,1.2081161501263367,1.8019467274039087,0.5724368159578814
1,0.000829736709603662,0.00043278866206683726,69,0.010481600009370595,1.6404568777275017,0.19406774423428463,0.26712242999372293,2.4594548649189916,0.7478813745074397
1,0.0005642636722281151,0.000715648385999326,38,0.0062272000068333,1.2350723258133296,0.18548983878911215,1.10169364135957,1.066953897656779,0.670919441327742
1,0.0007728287300613084,0.0012691710104849932,80,0.012419000006048009,1.7288522716129757,0.1462413405009229,2.265500407553554,0.7607148090747726,0.059255902560283236
1,0.0004790771797541559,4.571862189780209e-05,107,0.016126399976201355,2.308448643679378,0.16022307492970211,0.8029671818625976,2.7194831458421813,0.3904388481037322
1,0.0009490180302950607,0.00025573667374333283,275,0.0409059000085108,2.2456052179117605,0.15028028579304872,1.939951535766319,2.8544458616113078,0.21295223526932358
1,0.00036993182323142,0.0006221226383669958,197,0.02968809998128563,1.9036730777568531,0.15389143297069655,2.868855365483233,2.6017785187823743,0.2890911177700879
1,0.0004241339912368661,0.0012107417079719955,61,0.009368599974550307,1.0243688632241499,0.14721849570413337,2.5146580119199786,1.5346494416314291,0.11637853216183114
1,0.00034815222423325903,0.0004099267451706268,50,0.007731499994406477,1.4108296851961266,0.1459165150205069,0.7011289883063679,1.0431858939261813,0.01374199607924842
1,0.0006375214438091481,0.0005196752281169579,99,0.014775700023164973,2.248004919286043,0.14721619168961786,0.3594584939623773,0.06270308375687872,0.11627656579006462
1,0.00042586146629999746,0.0016855625253770201,88,0.013240799977211282,1.1061639930828635,0.16774573624305342,2.7957046707114586,1.358537691204683,0.48711877015122784
1,0.0008034252492684879,0.0004613374313657676,181,0.027466900006402284,1.9540492348600913,0.18809769979349972,3.007265120295866,1.1498518806753286,0.6949096457563217
1,0.0009575107666437108,0.00036354623326617246,941,0.13331609999295324,2.2669937976863506,0.1504292878594524,2.6540426503266996,3.135157084948421,0.21658864300338676
1,0.0004147613082127833,0.0002049367087743699,113,0.01651859999401495,1.6686716210040429,0.15399191108680468,2.3109737937988903,2.402650269956843,0.2909437297648432
1,0.0008071771189286036,0.0011839919186208197,56,0.00876810000045225,1.1004411260383526,0.1541378851326656,0.3860118934664847,1.8916465394939994,0.293616167941702
1,0.0006048635174713855,0.0009458107874248078,58,0.009205100010149181,2.073530026330953,0.14604003218946454,1.1954874218997453,0.4143655627512839,0.03809818348356586
1,0.0009648888989534796,0.0004544041793679705,59,0.008994300005724654,1.6492270478127804,0.17466320185736017,2.3345543393064236,1.8708604892042242,0.5640520217512254
1,0.0006653271917641383,0.0006868923170346011,68,0.010570699989330024,1.381642162199548,0.14890114035446128,2.2402023309061416,1.1769781385930036,0.17593639676295503
1,0.00035011018900350446,9.246323080247336e-05,140,0.02117500000167638,2.5305145019315165,0.1904714022898227,1.8744305175874327,0.25957678087671404,0.7162759752040859
1,0.0008573400590051161,0.0009249529914790509,63,0.009886499989079311,1.0830959633699209,0.1590095939011245,1.672912377876112,1.2881450436978772,0.37291090510872715
1,0.0004296347697744141,0.00035369610361528397,104,0.0161892999894917,2.200513413082525,0.16477347288151695,2.4815967781334014,0.6794440442032776,0.4509701391423175
1,0.0006017708339960617,0.0005082963018903345,73,0.011292199982563034,1.509358342966265,0.1598790279439232,0.2613113249466186,0.8447113733740643,0.3855390008143309
1,0.0007950158079848559,0.0005516362697034619,64,0.009932099987054244,1.326000095591762,0.1952110132720795,2.194971011500108,0.9524900737974312,0.7577510823714482
1,0.0009362413322862194,0.00024905465928245677,320,0.04780080000637099,2.5246282998263645,0.18938090201122112,2.1150707836699416,2.6852907770561014,0.7065129454665304
1,0.0006736206088296883,0.0008125763697113962,269,0.041023300000233576,1.926293662657821,0.15399797234834595,2.9883279596798324,2.6230225717991846,0.29105514256048926
1,0.0007999073655946646,0.0004597228923162684,62,0.009538999991491437,1.8573472496893804,0.1723003869131503,0.4088148266738343,2.591242727597783,0.538726862617362
1,0.000598287945192988,0.0005554263768590818,79,0.012077099992893636,1.633629265457139,0.17389797026675222,2.2127386265297266,0.7197708715666357,0.5559453643917851
1,0.0009631795951298701,0.0006222366411056118,79,0.012350100005278364,1.3144374050738994,0.16268378740298378,2.589769920644983,2.144088401870807,0.42407118117229636
1,0.0007914824939266165,0.00079007050349792,71,0.010950399999273941,1.1406560179185843,0.14592430638728418,1.3575008738966492,1.8567581031949896,0.016384783306160777
1,0.0009485513759709121,0.0005965116086175933,98,0.014216999989002943,2.2647903844711816,0.16252723684695042,0.4410628684465556,0.1318167578704861,0.4219989896809482
1,0.0006973782260532733,0.0016525375490784274,127,0.01965520001249388,2.2365606085354464,0.14604381473450045,2.8726316799996816,0.0499137698132075,0.03860249080057354
1,0.0009967931883954945,0.000971880894392175,281,0.04130740000982769,2.1922161330990177,0.1464983057858992,1.3735371955547286,2.945340443594015,0.07838404536046317
1,0.00029446535552166684,0.00039415824904967403,78,0.012129200011258945,2.116741108529687,0.1563598504329971,0.6191039096542008,0.31737475531852954,0.33187953440006
1,0.0009459848082530718,0.00069250421266202,175,0.02571630000602454,2.2405344821515945,0.1471239084553802,2.0215514329499307,0.030075507567261628,0.11211742762677311
1,0.0005345839113831891,0.00020630027865791258,175,0.027461199992103502,2.175157716966398,0.15139763693321845,0.3165165088633355,2.911379131808692,0.23894321059727594
1,0.0007855261784795624,0.000965728050189472,255,0.03763149998849258,2.26966979149537,0.16162704364784775,0.7632570655190123,3.0224077428790945,0.40991375028026505
1,0.0009863891447597635,0.00024532186023796073,263,0.03949029999785125,2.1313609358758208,0.15687335227862528,3.0618127079924706,0.3001760290098341,0.3401709036841414
1,0.00017159167652908714,0.000379770887335934,58,0.009128799982136115,1.0598634605679136,0.1533886997168505,1.2739622094605794,1.5368240570036922,0.2796534061048317
1,0.0008725095040311235,0.0003249947249653348,209,0.030726299999514595,1.9911372483171281,0.15839147860884475,2.919316545846577,0.4500333591255714,0.3637032241200018
1,0.0005982889380728844,0.00027216822079813925,54,0.008732199989026412,1.4633752910858155,0.15529538504109314,1.1948569737025103,1.9312255121760877,0.3140735457390278
1,0.0008214139796985,0.0011492820306734464,72,0.010819000017363578,1.7062593226736473,0.14631761682010175,1.120497057552789,2.298659993559788,0.06551607610771848
1,0.00032710134237500275,0.0004227673209386025,124,0.018563699995866045,2.155528088330025,0.14601414573413163,0.36704207949446227,2.8549453389297943,0.03444962851731459
1,0.0006792853237816694,0.0003329159698641809,98,0.014588599995477125,2.3497866224389723,0.183882375688554,1.0092707501974942,0.07851791679396135,0.6558383745880367
1,0.0006834171991643882,0.0005431509945789121,407,0.05873200000496581,2.263189679909487,0.15395905258038195,0.5702552849652633,3.069334169541628,0.29033907413051496
1,0.0008103141260870684,0.0007310837940874756,224,0.03369309997651726,1.2239132006817572,0.1641221847317418,2.7797117314100754,1.5248274607148775,0.44273148468346335
1,0.0003919664030306737,0.00047786275756362594,144,0.021486100013135,2.171603784363089,0.14905116024327106,0.6050695186820563,2.7288848831246693,0.18031637588899363
0,0.001397358146089701,0.000485038675183625,1000,0.14466769999125972,2.4925431212068045,0.18099133828678374,2.94578925886187,2.832471718696186,0.6280921600173489
1,0.0006405158824980681,0.00024903044185301226,175,0.025559800007613376,2.396774417373438,0.17381370132912205,1.7337053235811144,0.5144355461076104,0.5550472249070921
1,0.0005676826703505928,0.002493187844188995,81,0.013487899996107444,1.9225368740179647,0.14595983286602385,2.371869315323041,0.6207139699011859,0.025130585254997673
1,0.0008930831069380315,0.00013249285234025348,95,0.014355899998918176,2.126962918423818,0.14624876436134962,0.9146948733898901,0.38714896068897087,0.05989381799986848
1,0.0004547310260665232,0.00028376991755696564,56,0.00871769999503158,2.0115515512261344,0.18370632326588313,1.6026603863234818,1.0679922006993214,0.6541722163023871
1,0.00048299311788698064,0.00019511403761401385,423,0.06137729997863062,2.095099616650179,0.15911181430190602,2.9391182368168307,2.7979077156939307,0.37441465844704913
1,0.0007326365863880364,0.000524102095304727,85,0.013654599984874949,1.303726726452806,0.17613012002133185,2.6116304279373157,0.987493701771323,0.5793547215056418
1,0.0007775318280475253,0.00043753024045610944,109,0.016592800006037578,2.393076870374685,0.16682002657953385,0.5075228438357078,0.12883682077425007,0.4760977079581443
1,0.000471949948435983,0.00031274881544244513,113,0.01695119999931194,2.4473594563937726,0.19303713895663474,2.270705921840721,0.042942851919533176,0.7389130566295483
1,0.0009430884365685256,0.0006527136805813337,63,0.009902199992211536,1.281827870912064,0.18756222616270515,1.9989175964351211,1.6954310407615405,0.6900294836308518
1,0.00045001879419979144,0.00011684929516399031,143,0.021002300025429577,2.4157803438132683,0.1707252407008427,1.5435704051360712,0.13552203699351262,0.5213292884389986
1,0.0006945948292732112,0.00028313129771106625,52,0.00806290001492016,1.137378987217241,0.17468708081654508,1.5410356400064913,1.2486394511876413,0.5643035862792418
1,0.0008955069724004317,0.0011379051523779545,41,0.0065787000057753175,1.088680764173912,0.14926687539104638,0.07433964720942887,1.4710332027671154,0.1864404090583296
1,0.0008814741226950638,0.00033028660340241056,123,0.01820759999100119,2.1552101597771727,0.1732714842156196,2.422599683963605,2.30396574775033,0.5492418757683746
1,0.0006949310057459642,0.0018780878727467979,219,0.03259880002588034,2.191733944215466,0.14691760692607997,1.2635796294289339,2.9473587271417934,0.10221830301541868
1,0.0004042062850427287,7.119224946781071e-05,100,0.015029200003482401,1.9488984686844482,0.19624453263421215,1.881934687880034,0.447503858585776,0.7666043690282707
1,0.0008254845690512367,0.0004004904329193122,121,0.018132299999706447,2.005528332671272,0.1908222706487118,1.7333724100924108,2.73081006474877,0.7193987677352816
1,0.0005477412028159157,7.1249961705986e-05,369,0.053823099995497614,2.4551695533700157,0.18462364810400606,1.7822295137829665,3.051473626900885,0.6628220937318319
1,0.0004581586632390047,0.0007317799452514056,179,0.026860300014959648,2.182769433502512,0.1532070069506971,0.7088486871121602,2.6425529115822477,0.2761698120448748
1,0.0002508756230574066,0.0001602499899553087,100,0.015380099997855723,2.1041770828511575,0.17069496161476386,2.0826007384785896,2.8033769440681553,0.5209904863998913
1,0.0007149196206577158,3.9781752082210715e-05,212,0.031079899985343218,2.2082817125984864,0.1754178784146642,2.323239654019877,2.9071939399594076,0.5719626113526255
1,0.0008041567430312343,0.0010604542997489288,187,0.02742440000292845,2.2084042582934535,0.15315342476503843,2.5291989094630036,2.6863420827090656,0.2751347339012815
1,0.0006137215608121529,0.00041317138122684425,97,0.01534339998033829,2.0123748107269632,0.16043451612863152,0.8707865126814217,2.713473151215123,0.3934242023634149
1,0.00035686465421129097,0.00021771910727743323,66,0.010718100005760789,1.7665875150365178,0.19294110800790076,0.13606563341877065,1.3278986697981294,0.7380738659275048
1,0.0009772486205358378,0.001643795983989906,53,0.008665300003485754,1.0613985520178384,0.14954367158916473,1.806256262344152,1.3257620132025818,0.19402598633771495
1,0.0004678658311174079,0.0006091827678557373,82,0.012760700017679483,1.0752665849927832,0.15156176732714255,0.7881828803964956,1.2951875644377226,0.24253940009000588
1,0.00043180144850775263,0.0014074371357765912,74,0.01104390001273714,1.0718550604936274,0.14732921771310786,0.8472384419065282,1.8146278750074045,0.1211790886214188
1,0.0009856591502685522,0.00049969846218715,62,0.009892500005662441,1.5453836422553409,0.19347599764434167,0.5709071841014652,1.6426138285337464,0.7427404221011207
1,0.00031047823964151496,0.00030630180423741167,92,0.013938199990661815,2.064073593690535,0.1577551288688913,0.1843450815040235,2.764633982106628,0.3540065997799213
1,0.0009560354286411922,0.00043387551898811335,117,0.017608100024517626,1.8110385171637657,0.19638339917688669,2.8786295755313684,1.318919607495479,0.7677890584117106
1,0.00038857243284132653,0.00015963148084589354,124,0.018669299985049292,1.9859855586094823,0.14641692719567126,2.908285184527191,0.5079291876333696,0.0728687056663051
1,0.0009578854530467067,0.0014351035784819458,384,0.0562445999821648,2.255401685667676,0.15071879970724705,2.3115940177232037,3.092267394349216,0.2234935075907014
1,0.0009168550286017172,0.000573957483408551,57,0.009168799995677546,1.5532339847425232,0.18351000261877712,1.9936684852033435,0.7654793127872939,0.6523107801679169
1,0.0007710055633224969,0.0006808673374076583,82,0.012004299991531298,1.2147461724693298,0.16084108851867354,2.6370920690178146,1.096912738736508,0.3991109995501563
1,0.00012006625863497682,0.0006999113195449054,121,0.018151600001147017,1.984621687595684,0.14612880293521788,2.960961234114017,0.5189581739806108,0.048574443470493556
1,0.0009413587110705112,0.0004043511753883294,90,0.013824599998770282,1.9559159934685493,0.15462050033553232,1.519809330542512,2.350190022161793,0.30229830373672906
1,0.00043408625572109196,0.0008222000890489986,87,0.012783899990608916,1.925195021111456,0.15025130989790858,1.4742599941145083,0.532734474707838,0.21223820008173358
1,0.0006130542119657999,0.001255744894774265,58,0.009483400004683062,1.0585649363336116,0.1564429410608521,2.0737716654558174,1.460335001256058,0.3332335980162351
1,0.0009241009765064792,0.000709535037931201,149,0.022500299994135275,1.217451432261381,0.14916918739187957,2.9929566939669705,1.3253700188937438,0.18369146421279892
1,0.0008441344649948836,0.0006802054043032866,72,0.011404799995943904,1.2731977942755852,0.16279258025192012,0.7052356206722803,2.1065502507488407,0.42550625972392414
1,0.0006884947012581428,0.000548586167970791,85,0.012746499996865168,1.7367707970877544,0.176662111619705,2.81756774064081,1.9194566177333894,0.5848310444209988
1,0.0009827599031863473,0.0012116985486251665,190,0.02847369998926297,1.2563469131956737,0.15542083747496452,2.9346330126820863,2.07110141827622,0.3162187390247256
1,0.0007124993929989811,0.0003406848715733128,104,0.01662929999292828,2.1966246527732802,0.16629755940883995,2.4479554529277108,2.4357694828108953,0.4697863521958827
1,0.0007697486306643098,0.00025120843098111104,124,0.018595300003653392,2.308156359858999,0.18983526027888287,1.9707443740625032,3.0069603018876805,0.7105914040415233
1,0.0009104175620357304,0.0003759644937279315,80,0.012821199983591214,1.1293978282879464,0.16394842540005983,2.5229724907526925,1.9358462757625678,0.44051210647465266
1,0.0008654571170643884,0.0006877719449708587,55,0.008674999990034848,1.2246225524901322,0.18076392980768735,0.2787057069565839,1.7033537659218911,0.6258732688021067
1,0.0006305426401718729,0.0009676066569751172,87,0.013118500006385148,2.290865421860234,0.15473297393078514,0.5387095853216595,0.3064889402490114,0.30428931420778316
1,0.0007931262272499388,0.000696408789175009,97,0.01468409999506548,1.902848718950386,0.1657700362252123,0.5985439145457585,0.9844777134140834,0.46334381677902003
1,0.0009850347121565216,0.00045935656568751903,86,0.014366599993081763,2.259312164785338,0.1849796215395825,2.488503966731864,0.18580270486820183,0.6661579402587168
1,0.00063445864604328,0.000464313868737811,75,0.01189580000936985,1.7486165255142079,0.17036240712263118,1.6300403211388872,0.6379720018606801,0.517258141081637
1,0.0009477737303478122,0.000996390021754495,46,0.007277299999259412,1.309248494791992,0.18750288504607146,1.3287911409219628,1.4780659300302075,0.6894872476322655
1,0.0006586203067498912,0.00019194497750420946,137,0.020266299979994074,2.203040697092324,0.19562334717187763,2.341299617744161,0.9992512549597636,0.7612909136282062
1,0.0008854188281709857,0.002745551254202765,40,0.006339199986541644,1.0272430833926138,0.14989623413023875,2.262481630127028,1.5284372030167483,0.20329465392845503
1,0.0008447892228607963,0.0005477247314508671,167,0.02645989999291487,1.4958149016430158,0.1483018630800033,3.017668942165792,0.9149133935885949,0.1572698197875564
1,0.0009087713015781099,0.001571717501946484,44,0.007632299995748326,1.168895634801529,0.17540390648607523,1.2262583694179305,1.1603367907955633,0.5718168956169527
1,0.0008474718039865415,0.0008378997805583599,370,0.06799270000192337,2.333008038087941,0.16470048174264362,0.19908514636449717,3.1213920380609075,0.450052973789536
1,0.0008135214211591647,0.0009556687604149999,114,0.017723600001772866,2.127505554720875,0.14617542446525184,1.9909422022594594,2.759678670914708,0.053259185317378055
1,0.0006413184546052711,0.00041426130465531776,61,0.00934020002023317,1.7835130263159116,0.17746327581220164,1.4512225060125499,1.193633444499687,0.593008114968439
1,0.0006267448836607125,0.000518266626882116,94,0.014571099978638813,1.6875739562608756,0.15421854864175502,1.6226538414091483,2.4187617077256665,0.29508345296641725
1,0.0003515584635449544,0.0005144066739370896,46,0.007879999990109354,1.1939260067714639,0.14693748113486085,0.36380326706072097,1.1926441474587461,0.1032127405949379
1,0.0008015479578390573,0.00028893197320255113,61,0.010159199999179691,1.6641726888960289,0.196062060169211,0.026454449141493974,1.715562846169465,0.7650459366676152
1,0.0003883158174755182,0.0009611196455087612,256,0.03806339998845942,2.1962053025820576,0.1474662238448396,2.0902827608915784,2.9588446792687524,0.1268720335799456
1,0.0007903644520193281,0.0005130891605790902,87,0.013500599976396188,1.9793024973416413,0.1766105714051762,0.8436503487272917,2.6946408473810575,0.5843021389526313
1,0.00039609697017686086,0.0001021841029181811,197,0.029630700009875,2.1815282132989102,0.1461728520901753,0.6770109599929368,2.861568325037842,0.05301146178202654
1,0.0005262298303226264,0.0004747761637851563,84,0.01272850000532344,1.1804651882316226,0.17879525221816592,2.718160679158593,1.1480200210530116,0.6064246452003159
1,0.0009228596828087876,0.0016197855318054815,40,0.006832799990661442,1.1322737900918547,0.17276322935825497,0.403146137145622,1.2435909093229665,0.5437577495480426
1,0.0009948172436617052,0.0007554504737550975,55,0.009160299989162013,1.9579463182858625,0.18983700403767767,2.1132598551811537,1.9813541109923989,0.710607026932307
1,0.0007935018893972868,0.00035125018119408805,116,0.018337000015890226,2.198431885278755,0.17067011473413118,2.8584792461348965,0.24035745368591233,0.520712339660828
1,0.0004909506164231037,0.0014910160017140395,60,0.009645800018915907,2.029402160471547,0.1473815458891653,0.8596259275897147,0.44184054232098147,0.12338392582582003
1,0.0009742157023141622,0.00038706219199696447,105,0.015710500010754913,2.2514744095235226,0.15847596606851866,2.7082838087927743,0.13279368661443194,0.36497369098929866
1,0.00039233877018802647,0.002227496501569851,38,0.006069299997761846,1.0037795008024777,0.14662042883637336,0.6138073207041805,1.5347541718714268,0.08600396829760816
1,0.0009859593053594628,0.0008634015000063994,58,0.00914750000811182,1.6760790462197954,0.17701961990012316,0.8485265548466678,2.4590187301474122,0.5884902003322745
1,0.0009580012441786388,0.0002764749758743056,82,0.012385900015942752,1.679149816381723,0.19405690583447738,1.9335945578211895,2.488509778635512,0.7477874148624521
1,0.0007915117876864262,0.0009227714266499923,80,0.012060900015057996,1.7068724175752525,0.14734736044161267,2.1246248899615905,2.2646773290766227,0.12194796766985139
1,0.0009078250794959819,0.0006516509053089374,61,0.00957550000748597,1.5834321889156036,0.16668031945413453,1.4038629104361549,0.7712218174982857,0.47441667012423494
1,0.0009433653492462395,0.0009557735070304982,75,0.012227899977006018,2.053088786113823,0.1521606373752027,0.9915536557694029,0.39269208268559197,0.2552580461598337
1,0.0006310338135775208,0.0003052324171843217,66,0.010392800002591684,1.7270655570904019,0.17595978234576948,0.0373403136271806,2.4958626551579637,0.5775932037919933
1,0.0004226529892607405,0.00029091801299444746,112,0.01698949999990873,1.910579163929309,0.15601708710762685,2.270091994629656,2.6130862516428963,0.3262409201483134
1,0.0007291594225437167,0.0025720293088690675,95,0.014418499980820343,2.065168435346946,0.14613851754781218,0.895893882616341,0.42096355234613014,0.049587020208878396
1,0.0007024941556970476,0.00073725040732344,65,0.010115600016433746,1.1802634186364955,0.1859046202752573,1.6581274795175291,1.931734711559968,0.6747734416483899
1,0.0009034711074699459,0.0006186100286982609,73,0.012023499992210418,1.5018859494276722,0.19296205861780424,2.10185870354964,2.349795612065268,0.7382570001120298
1,0.0003633922232725099,0.0005962295893760026,71,0.010883299983106554,2.2288680514664154,0.15144024126798583,2.223696209953144,0.1295248670008524,0.23988155758911978
1,0.0008338868251552015,0.0018741209579054984,49,0.008115300006465986,1.3049511087647903,0.15052675430022955,1.4484074206534434,2.0896463343293536,0.21893627101723734
1,0.0009982265494233855,0.00024382810626457746,71,0.010928700008662418,1.6583483152065661,0.17660450192317173,2.1145614125344876,2.4449761299328716,0.5842398308519607
1,0.0009867153457433916,0.0013653021939342062,68,0.010629399999743327,2.2061675685068804,0.15330205723688234,1.6345552062958175,0.462698823367977,0.2779972195527587
1,0.0006098858990179371,0.0015957763797704084,59,0.010442500002682209,1.0084879385987173,0.14714077222230912,2.558215468048952,1.4814932376621013,0.11288874015459527
1,0.0008884818815612869,0.00040857537631082603,116,0.01755399999092333,2.102725757236948,0.14665959159472405,2.422983073310789,0.4439704136533176,0.08830949163706814
1,0.0008278428807294162,0.0019514198701233096,835,0.12090299997362308,1.30873863600322,0.1496937084386187,3.1191661769636756,1.055049674339156,0.19802112629090063
1,0.0008849233792005786,0.0004889318688836409,81,0.012243199977092445,2.18123319591105,0.18033894549757137,2.180712739795931,2.8772133560378226,0.6217115735941919
1,0.0007580195985843887,0.0006800121054894756,78,0.012565099983476102,1.2733889555491649,0.15144066268565234,1.8671417020756378,1.0736482354926382,0.23989082196456302
1,0.0004243633301145255,0.0014599066338878703,382,0.05648369999835268,2.2239369573642036,0.14598710996812753,2.7137872066508377,3.0362794848461503,0.030172389715855456
1,0.0008514232614883114,0.0007774257971120726,56,0.008994200004963204,1.1472725423466517,0.17676262944300103,2.2572377559263552,1.9106135431934854,0.5858615508528882
1,0.0008877879984218813,0.0003950398477461081,95,0.014394099998753518,1.8890969815565375,0.18559079202100345,1.6282386081549713,1.1805111224121134,0.6718588434701558
1,0.0008766016495924142,0.0003524119369187675,97,0.014199099998222664,2.5002667986219738,0.18356924735009772,1.4211412974841355,0.24734324528335838,0.6528729017443062
1,0.0004441082401700285,0.0011751742467652733,100,0.015355899988207966,1.8684132904407897,0.14602552953917008,0.6676722384775076,2.46119225472461,0.03609949950984337
1,0.0009897897643798624,0.0003882488194515764,55,0.009136900014709681,1.4470529633120706,0.16474444627724566,0.06923141234646124,1.80915673801267,0.4506055901686441
1,0.00042271295800345966,0.0002699134615445175,106,0.016059999994467944,2.35394456910005,0.16520491156877817,1.4120557994980212,0.02444987727377157,0.4563605523888889
1,0.0009226797845509232,0.0007239002085880583,183,0.028075400012312457,2.355379660143546,0.1629180693792968,2.0990028147578648,2.7781350938367613,0.42715658189825456
1,0.0008713958372648772,0.00032491318205451645,104,0.015575199999148026,2.302990909994962,0.19061403046431658,1.0755382784502308,2.283506864938822,0.7175464598261674
1,0.0009022100687235063,0.0013620878946191642,62,0.009394599997904152,1.1553284192448934,0.15659805417048256,0.09061834494669664,1.63406946672547,0.33574835182444884
1,0.0007851096712023005,0.0015454743660915284,75,0.01183789997594431,1.9009411736006503,0.15059158539347176,0.2245929937417852,2.366781911921875,0.22048469082508415
1,0.0007303603517056724,0.000753318107089517,56,0.008749100001296028,1.2775211788026068,0.15556309660091494,2.5395633779169025,1.369216409255194,0.31863559750868475
1,0.0007393442304670128,0.0003928427197033673,104,0.01517599998624064,2.0510726421671346,0.16452394241177656,0.9534414180107986,0.8373073814481738,0.44782832746908063
1,0.0007496868073549505,0.00036170968066194113,75,0.012318299995968118,1.4285240180377505,0.19278306151108532,0.8240395408358605,0.8539249169966068,0.7366914067256607
1,0.0005813272508472721,0.0005849306756069045,59,0.00896520001697354,1.2404996903249528,0.19306107983210014,1.3326018627489802,1.0711770780384464,0.7391221751977994
1,0.0008489968107333003,0.0006777090936424907,71,0.01085999998031184,1.696001030513112,0.1527546947793533,0.12597568952688176,0.7221353058246467,0.26731631139766865
1,0.0009653864355684571,0.0005945771101342502,89,0.013677899987669662,1.8867345133539921,0.15970497562247446,2.8070662831576714,2.5986286544088184,0.383039722295206
1,0.0009270810506363566,0.0010042787367578682,67,0.010295900021446869,1.289279651056737,0.14653040933258318,1.0633417039755813,1.1147619496166952,0.08045657410067575
1,0.00064043575449457,0.0002477299597109413,66,0.010624899994581938,1.9596031856677327,0.18327507655584094,0.7404248678943528,1.1064138758693645,0.6500784661280434
1,0.0007134713445902958,0.0009646912189221408,112,0.016853000008268282,1.6044533361683748,0.15252669055328502,2.7286851283104845,2.3446884144202222,0.262749009758644
1,0.000562685272473689,0.004425513965597118,41,0.006724400009261444,1.2910339309853445,0.14633090863621254,0.2702336577000688,1.9558708989447402,0.06654700856149454
1,0.0008560423722954191,0.000401453608265213,69,0.010557700006756932,1.2694619014315383,0.18722438433774696,2.495832058665153,2.120920860215857,0.6869385959880364
1,0.0009649313960279641,0.0007622604341197588,141,0.021313200006261468,2.2952820475474023,0.1612740349369015,0.13536642806467736,2.6665219240816427,0.4050919191863067
1,0.0008564499786330394,0.00027288782037940675,63,0.009768800024176016,1.1812191419486626,0.18644673683626806,2.3761091303383637,1.9060883851582222,0.6797882416913494
1,0.0007106030990129071,0.0005420209165133971,84,0.012389599985908717,1.765508552824891,0.18318657227420615,0.31594870753781557,1.8865332168246933,0.6492361041490602
1,0.0009606802401135885,0.0004875926802264006,70,0.011197400017408654,1.6220931197116744,0.18891386532844515,1.7003950274156843,0.7043311465749369,0.7023044680858632
1,0.00087464840062128,0.0006083567886320288,125,0.019053800002438948,1.3038918909622847,0.14643519849327452,2.8360660421966797,2.0367718271305852,0.07414251474195144
1,0.0005070579571924676,0.0005057586363756258,344,0.05003990000113845,2.319243661108859,0.15643078470516436,0.5700666117381572,3.0638364240989784,0.3330358012712158
1,0.0007555234128951206,0.00030371520964275425,233,0.03358320001279935,2.1657212662714613,0.17341945651048302,1.457612922260406,0.8285706104626458,0.5508307430085719
1,0.0008192372626360142,0.0010029761065881565,358,0.052356400003191084,2.254401870971775,0.14839415441670512,0.10519188707846094,2.9935919572868794,0.16028188756776673
1,0.0007488644974280263,0.0007750619979170898,60,0.009244999993825331,1.2051101252009668,0.17830555379161075,0.1583454247798168,2.037884940295836,0.6015172566262317
1,0.0008897868001209871,0.0006941921231585319,73,0.011650900007225573,1.2462762710001045,0.17617858814025628,2.1890498901254043,1.0486177153630845,0.5798552255197107
1,0.00029947588428086793,0.0003768844943107807,78,0.012547199992695823,1.8585542978231937,0.1491747146666445,2.462238458532875,0.6023657286859483,0.18384805785409153
1,0.0006871935640170163,0.00028153109429528443,160,0.02461829999811016,2.0872292618884543,0.14720285022838347,0.9199717918009811,2.771230215294283,0.11568438659426228
1,0.0007831761498960353,0.0007413360237648561,69,0.010988599999109283,1.917349243149372,0.16010735935131748,0.8673858098986368,2.2371232738868523,0.3887967570017006
1,0.0009574563336303281,0.0005501650726883821,89,0.014113000012002885,1.981325415789556,0.17332189039381143,2.399436486510269,2.6936249165290977,0.5497835063923509
1,0.0005941129170683022,0.0010190260196421357,75,0.011546399997314438,2.0528506096796826,0.1459177528685254,0.7214579223235473,0.4665100563595339,0.01419477277851433
1,0.0003534872003041457,0.00048781580433803466,67,0.010952300013741478,1.08865758052375,0.15252592802988837,1.4014923555356003,1.8704423383596875,0.26273361173053367
1,0.00034647178571820534,0.00010706575139927778,168,0.025278299988713115,2.1723021155604183,0.1712957300043496,1.3196967593214448,2.8721250768770927,0.527681228403388
1,0.0007896609357893964,0.00017268069994208515,385,0.05646690001594834,2.2560878785809266,0.15546491394303233,0.6015756287368612,3.038349351783058,0.31696933018292706
1,0.0009508995701552477,0.00048377077299062844,60,0.009772899997187778,1.9684278046445902,0.19648481005180496,0.6118822592728161,0.4320867251302145,0.7686534907765039
1,0.0009034688017936728,0.0010076396403570509,277,0.04118450000532903,2.351709697370137,0.16546279680279874,3.03494704087991,0.44384766161951017,0.45955794027511
1,0.0008099370161840317,0.00032446373568003695,129,0.019323699991218746,1.9197935245151607,0.18369684997946858,0.9026288833604763,2.654296620564798,0.6540824782676298
1,0.00035754030414636976,0.00019699475373197723,138,0.02038990001892671,2.331684419299993,0.19578181285902663,1.614973108178793,0.109536346122868,0.7626485816977775
1,0.0009589699827287579,0.001978891691650716,62,0.009544700005790219,2.1743697436455087,0.14647611170589345,1.3765184141965294,0.23627283440835622,0.07691884176818942
1,0.0007275574337609051,0.0012794186512800302,70,0.011382700002286583,2.1201213117593025,0.14644431425203314,0.4232944783105337,0.33339721415927226,0.07476996868036734
1,0.0009877559078826654,0.00047320370182836686,102,0.016283799981465563,2.5046492024860125,0.1961574655460683,2.7386171522143075,0.1368603960418846,0.765861006417361
1,0.0007177341862959486,0.0012120433037308238,63,0.010630899982061237,1.3992306699290005,0.15110448863657397,1.2418036278374451,2.172457368685823,0.232390267328058
1,0.0002521666221075213,0.00018139334578083188,130,0.01959450001595542,2.075951809392415,0.18787255060496955,0.1300686465142924,2.78533872982889,0.6928604884292122
1,0.00032306518247891,0.0002322565106740213,237,0.03554859998985194,2.4596205856032785,0.1763240373920334,2.510357391095406,2.9308739470468446,0.581355296720294
1,0.000329511404150044,0.0003329623990200364,86,0.012937999999849126,1.6422258671428087,0.14906490556742633,1.768012751277323,0.969871623989361,0.18071256052099205
1,0.0005187603909042602,0.00020077287941667899,79,0.012772000016411766,1.7608699451340344,0.1811102795099397,2.711323388855999,1.8999222530021633,0.6292505022301317
1,0.0005458304522016265,0.00022518081609402014,57,0.008996100019430742,1.967048640078977,0.18820465030639902,2.2556370225650038,1.1404643647878174,0.6958816304469053
1,0.00020237940145346968,0.0006884298410459085,49,0.007469999982276931,1.0789203365155748,0.16210386842439803,1.3225472988905262,1.3519408529946029,0.4163518964597337
1,0.0006972836898462511,0.00017132368297278423,90,0.013861500017810613,2.402828719112803,0.1732590123177064,1.8842688692575749,0.05970586017805868,0.5491077989416668
1,0.0007541951626797127,0.0005781579517862177,93,0.014269000006606802,1.8002734273119887,0.17673693546300542,2.694044745446325,0.5888552076832685,0.585598263148293
1,0.0008812725654869959,0.0015363771052877059,186,0.027547100005904213,2.1924891045870902,0.14617418369637877,0.7812598427865529,2.8873193972968223,0.053139841142044286
1,0.0008555783239725468,0.0004379421569888235,41,0.006713800015859306,1.6275840890688147,0.17766908520213143,0.3912629837034549,0.718127613702443,0.5950954560913186
1,0.0007934470685678326,0.001718502131700071,41,0.006769999978132546,1.1941142851707245,0.1483560375220101,1.851781263174356,1.9693517068287782,0.15904460643244933
1,0.0008486519373724579,0.0009294023057343907,54,0.008838600013405085,1.1165361487341547,0.17024175560485408,1.9591708726034076,1.286238221803,0.5158988679416296
1,0.0008258922108299574,0.00023557197377291626,72,0.011070000007748604,2.2292287753878064,0.18016173740139063,2.251306701733366,2.3062395470332078,0.6199704006158098
1,0.0007923826688600327,0.00018410086480891039,151,0.02238379998016171,2.092891753118855,0.17921824720439555,2.0045186189029867,0.34739571236581757,0.6106406931994188
1,0.0006885070451161323,0.0003732887849181373,307,0.04600510001182556,2.2567466490204633,0.15558639521431053,1.8863023117865696,3.0387335788693592,0.31902985280200813
1,0.0007469477312659214,0.0022663071976219053,55,0.009271500020986423,1.1864665811604989,0.18713684677715461,0.9764902283989669,1.2633746548150337,0.6861362025345699
1,0.0004799646927946094,4.390549394233808e-05,95,0.014021399983903393,2.2274765448855858,0.16720645792539973,1.3649138347254537,0.6807592356507816,0.4807229064344205
1,0.0009582010352723506,0.0005460260645183913,628,0.09342380001908168,2.4443292287429017,0.1944367452429667,0.982876448373001,3.106300301263122,0.7510758547657294
1,0.0003413113818529145,0.001095504641033252,74,0.011255200020968914,1.1443408648265914,0.14676724401903435,0.5351269259985258,1.3412084172861372,0.09435971356275318
1,0.0009639033477619255,0.001483092157903525,68,0.011108800012152642,1.515665411214438,0.14752231894292048,1.2022140514303246,1.038114323146214,0.129131777988869
1,0.0006603369549616952,0.0013106416136488975,64,0.010254399996483698,1.0902478333367283,0.16188438807358194,0.3833957047735459,1.6991496002230477,0.4133989270574019
1,0.0007209726071394711,0.0004798830410907267,83,0.013250599993625656,1.1784075289291513,0.17027498280720463,2.7634484689342464,2.0064159621618938,0.5162734863632532
1,0.0007354713443467745,0.0057808512292471664,112,0.01735680000274442,1.9623758809122116,0.14643500514147392,2.370713540377242,0.6074458514022636,0.07412914883609112
1,0.0009613547988730237,0.0007763432946789895,83,0.01354479999281466,2.1001170143668477,0.14877309634911706,0.6318785066787451,2.6269840325669893,0.1721129542498563
1,0.0008573794001445759,0.0017380914474705628,271,0.040251300000818446,1.8524335998664092,0.145921885918581,3.0351137184201775,2.4569450370126873,0.015611738271024132
1,0.0007028994785025126,0.0004977437068455477,101,0.014998800004832447,1.9868627987636827,0.148592671113611,0.5184994422416032,0.6459437438505988,0.1665814678547357
1,0.0009309356836706019,0.000949559488969658,81,0.012859399983426556,1.3068065185376343,0.1960152298451054,2.7020872307351684,1.7397019974652952,0.7646456565213606
1,0.0009653401747009975,0.0017004659558487807,64,0.010215899994364008,1.8159013385110616,0.15039949921590445,0.9680784865216134,2.2928514544027383,0.21586630419824893
1,0.0004634068557605861,0.0003767187541086962,170,0.02573399999528192,2.331114572082303,0.1664367870925059,1.5249924340222925,2.6317831898228885,0.4714748478832407
1,0.0006697427158782917,0.0007084933354520011,52,0.008052999997744337,1.7939083190008336,0.1459007209436544,1.8070980058469805,0.7281611787269484,0.005239903865102757
1,0.00031031084851929004,0.0004750537424410086,58,0.009566299995640293,1.509166196999175,0.14741618588805963,0.5330386600695802,0.915813116344756,0.12482241322054577
1,0.0006060274750120166,0.0003086298909001235,142,0.02151859999867156,2.028895570380384,0.1750856385126864,2.983981601815037,0.9744471999822473,0.5684901263764406
1,0.0009430564072122834,0.0005097368188968429,54,0.008670999988680705,2.0057215424609955,0.1767707993084391,1.0597940460007536,1.0106228599762446,0.585945249783859
1,0.0007259143934914874,0.00048761567555560896,238,0.03559430001769215,2.0665803151887756,0.14714663265518113,2.7614018319278966,2.743112621902291,0.11315557034160628
1,0.0008666440479646759,4.700362921267393e-05,92,0.014422700012801215,2.434610504201433,0.17349020157539308,2.514318875004099,0.15575019418038272,0.5515891544055584
1,0.0005909332339391674,0.0006203167754140342,74,0.011666400008834898,1.6028528065886494,0.15286375299718968,2.2026677811486763,1.065993814903024,0.2694755703491074
1,0.0005840386548897805,0.0004095035497017421,63,0.010050399985630065,1.2926793019721075,0.1685171040687092,1.2217599613079306,1.6383963090187752,0.4961530120423632
